platform,label,kernel,scenario,median,mowcet,pw6,pw9,xi,lb,ks,gof,valid,pw6_over_med
P1,C++ serial,conv,intf,5169.619,12077.715,21529.17060526862,27933.329355873975,-0.04204503455951842,0.0,0.1725563396262406,0.026228468033522377,False,4.164556537970907
P1,C++ serial,conv,iso,5150.977,11358.502,12098.026294662857,12196.74880023656,-0.3568475943716644,0.0,5.4973425520038925e-09,0.004358631334313619,False,2.3486857531421435
P1,C++ serial,gemm,intf,2170.824,8357.603,10783458.853510188,11932176264.536938,1.0146827566017675,0.9999352033923516,3.2970936450072955e-12,0.9897815829062028,False,4967.449619826475
P1,C++ serial,gemm,iso,2182.472,3718.578,4510.494592733134,5295.087430212684,-0.05423111650760566,0.0,0.019894110072361745,0.7046500031620158,False,2.0666907033552473
P1,C++ serial,kalman,intf,433.287,1853.794,4658.415907283061,71321.51993549796,0.4077190514614508,1.4332179228526698e-05,0.058689209417416795,0.22695701923945752,False,10.751340121635454
P1,C++ serial,kalman,iso,448.355,2833.776,193354.74905367906,41888061.37070825,0.7791048997369091,0.0,6.129850706861684e-27,0.3134480804369276,False,431.25369194874384
P1,OpenCL Intel,conv,intf,3923.4175,10191.283,203185.24032707483,6769627.4465558985,0.5099969053589498,0.0,0.01637912818629415,0.037858834503863514,False,51.78782026819089
P1,OpenCL Intel,conv,iso,3939.361,7022.432,10566.628128604949,15913.104961457775,0.0419199816321639,0.0,0.0023738215453611602,0.22414783475340513,False,2.68232033789362
P1,OpenCL Intel,gemm,intf,1820.252,3073.207,3092.1931559535205,3093.2334648652572,-0.6083290761166735,0.0,6.125192815723937e-05,0.03185721318625547,False,1.6987720139593423
P1,OpenCL Intel,gemm,iso,1861.312,3850.838,4018.131844724202,4052.171963763024,-0.34359594327094944,0.0,0.0007045191903924169,3.6401777317102603e-07,False,2.158763197531742
P1,OpenCL Intel,kalman,intf,589.239,864.443,1107.8782421768512,1591.694751013031,0.05708419356142164,0.0,0.00010844915031869944,5.515050240460481e-07,False,1.8801848522871893
P1,OpenCL Intel,kalman,iso,596.9645,4971.707,286606.09135572053,30254774.48261099,0.6748214925994749,1.5300538613871595e-11,1.2586006692535668e-10,0.102622480400435,False,480.1057539530751
P1,OpenCL PoCL,conv,intf,7315.292,17979.84,34682571.3980737,22759891654.117184,0.9390487741127447,0.0,0.0011593081980021192,0.25807993630263004,False,4741.10553592033
P1,OpenCL PoCL,conv,iso,7343.1485,17704.915,1305840.1192763117,59392652.149692364,0.5532185649900002,0.0,0.02406614705241275,0.3707414627906937,False,177.83109238173677
P1,OpenCL PoCL,gemm,intf,24437.7595,57939.287,79428.91395259701,87077.80359857756,-0.14566971817132213,0.00013951728494665527,0.3699050405997647,0.016831057477019826,False,3.2502535247798394
P1,OpenCL PoCL,gemm,iso,24521.0925,54842.377,2884311.290248812,123909992.65604131,0.5453939414383336,0.00020142570222825285,0.01637912818629415,0.07245394258334857,False,117.6257252913512
P1,OpenCL PoCL,kalman,intf,986.2765,4322.52,925395.1092308492,299163379.57355905,0.8366816955191283,0.008191432825323086,0.0011593081980021192,0.8753332142633894,False,938.2714778572227
P1,OpenCL PoCL,kalman,iso,987.0195,2276.745,13224124.931169813,26126091524.99696,1.0985800647914838,0.0,0.058689209417416795,0.6308027352127643,False,13398.0381655781
P1,SYCL→OCL Intel buf,conv,intf,3915.9255,9960.72,18491.184326972776,32104.6732583177,0.055231643712145305,4.440892098500626e-16,0.41348608403425674,0.902890674698829,False,4.722047017230736
P1,SYCL→OCL Intel buf,conv,iso,3903.2515,7984.867,10496.874104660503,11963.732921245053,-0.09129504567880387,0.0,0.3699050405997647,0.9797159151716415,False,2.6892640929390543
P1,SYCL→OCL Intel buf,gemm,intf,1871.8485,5925.351,9633.776738143732,14970.375666343676,0.020378910979606667,0.0,0.010968966298223139,0.10702188525908701,False,5.146664774496297
P1,SYCL→OCL Intel buf,gemm,iso,1880.9405,3109.645,59022.59148099167,1615189.8651518836,0.48338768947606126,6.956846962391516e-06,0.004686682589297701,0.9138953538662571,False,31.379297474317596
P1,SYCL→OCL Intel buf,kalman,intf,441.023,2160.649,4263.8555291451175,20569.742408479422,0.23522036317458145,0.0,1.0697285962248264e-09,0.0212043450820891,False,9.668102409953942
P1,SYCL→OCL Intel buf,kalman,iso,434.0705,642.739,858.8765375464526,1380.7369286630303,0.09316075250562385,0.0,0.00042124348957333854,0.8465190706656998,False,1.9786567793629206
P1,SYCL→OCL Intel USM,conv,intf,3942.7235,10294.923,13895.806112672286,17207.57340790765,-0.049521961568576356,0.0,5.293265246027034e-06,0.4974249882178998,False,3.524418111661212
P1,SYCL→OCL Intel USM,conv,iso,3887.974,13798.982,57504.41050527259,411553.92178649316,0.2901759370303843,0.002319336371702563,0.09546453231155308,0.6801814392126375,False,14.790327945936005
P1,SYCL→OCL Intel USM,gemm,intf,1868.924,6988.156,140549.48765432875,3745663.261046804,0.4767441904007653,0.0,0.41348608403425674,0.8788278124046892,False,75.20342595757171
P1,SYCL→OCL Intel USM,gemm,iso,1873.533,4235.065,6561.038625115405,8971.441683353853,-0.008774587900027424,0.0,1.9464738383648577e-16,0.9468676855840144,False,3.501960533983338
P1,SYCL→OCL Intel USM,kalman,intf,431.1115,788.15,897.0899425989734,936.218897751415,-0.18715247699055673,0.0,0.058689209417416795,0.06136149642530999,False,2.0808768557530324
P1,SYCL→OCL Intel USM,kalman,iso,435.5155,852.676,2312.113097885007,7226.344844372204,0.17425292862677783,0.0,3.826456804356892e-06,0.1253341108463194,False,5.30891115904028
P1,SYCL OMP AOT USM,conv,intf,5161.672,11128.098,2486137.418810358,366469152.9556836,0.7231167997953987,0.0,0.04950261174890187,0.4245306317092381,False,481.65350661769247
P1,SYCL OMP AOT USM,conv,iso,5173.5515,12288.888,61978.47800395872,338661.42372684897,0.25033748421647184,0.0,2.445296021468176e-09,0.6902037177798621,False,11.979870695006849
P1,SYCL OMP AOT USM,gemm,intf,4211.9315,8819.428,8876.577151956808,8878.535100002398,-0.6602654177962685,0.0,7.2923844244552955e-06,0.18411134387626377,False,2.1074837404067015
P1,SYCL OMP AOT USM,gemm,iso,4238.5885,14835.813,26964.768687419215,49040.37088530064,0.055668884512362155,0.0,0.08150167321107067,0.5385750978445336,False,6.361733083411899
P1,SYCL OMP AOT USM,kalman,intf,514.6635,2554.883,4087.5674057255274,7987.077972606082,0.06820321120791975,0.0,0.0018769751767371433,0.0004344798943637002,False,7.9422135156768014
P1,SYCL OMP AOT USM,kalman,iso,515.635,4615.739,14988645.93412136,54381720098.04889,1.1865687887814835,0.5504216900005753,0.000905580603140259,0.8890828497223284,False,29068.325335016747
P1,SYCL OMP JIT buf,conv,intf,7204.042,13652.012,27862.99581199654,54612.13418092024,0.08875258912591613,0.0,0.0003237472048853522,0.06887632798718639,False,3.8676892516724
P1,SYCL OMP JIT buf,conv,iso,7161.8305,11202.641,12913.405840853316,13436.563526073925,-0.18679378425674276,0.0,0.06930076569272504,0.010762167428236682,False,1.8030873309349218
P1,SYCL OMP JIT buf,gemm,intf,1511.4385,3244.593,440935.2996579834,121747388.37264611,0.8141987055018185,0.05897570992065215,0.04158607858587287,0.9715974423350517,False,291.7322138201345
P1,SYCL OMP JIT buf,gemm,iso,1512.558,3186.374,7126.516037506367,15318.92525064427,0.10262870761040972,0.0,0.01343088815558133,0.8735730645558931,False,4.711565465592967
P1,SYCL OMP JIT buf,kalman,intf,442.6115,624.876,1535.1158436452647,5347.492750000851,0.21094604569019,0.0,0.06930076569272504,0.00774935418149292,False,3.4683144103695107
P1,SYCL OMP JIT buf,kalman,iso,443.2,3181.424,213527.4195892664,24677471.07327399,0.687908883042226,1.8800152212783416e-08,3.3583913478618886e-24,0.07568308477855258,False,481.78569401910295
P1,SYCL OMP JIT USM,conv,intf,7200.5635,14567.281,18616.03641616755,24975.529035966814,-0.0018275113254355123,0.0,1.0028968167055124e-06,0.0758417262190873,False,2.5853582731639753
P1,SYCL OMP JIT USM,conv,iso,7158.739,9950.197,10018.856038968725,10022.020255401514,-0.5703973452357617,0.0,0.5089169658042532,0.191646074229731,False,1.3995280508157548
P1,SYCL OMP JIT USM,gemm,intf,1521.602,4031.248,9361.551930004905,13301.086461483941,-0.017067801198791813,0.0,3.873689813358328e-08,0.0024938724136341992,False,6.1524314045360775
P1,SYCL OMP JIT USM,gemm,iso,1517.677,3541.185,372552548.18217057,3648356489358.9355,1.3303038338903979,0.0,0.058689209417416795,0.0018673021178196038,False,245475.5182968251
P1,SYCL OMP JIT USM,kalman,intf,441.536,604.232,958.544978766505,1860.5250378663088,0.1293338008455296,0.0,3.3583913478618886e-24,0.07851566472656486,False,2.1709327863786982
P1,SYCL OMP JIT USM,kalman,iso,447.7005,1046.663,6190.88149697339,93974.79287493181,0.40362846408782005,0.0,0.04158607858587287,0.6282292163675173,False,13.828176419220865
P2,C++ OpenMP,conv,all,948.9,2039.3,2072.8816772822224,2075.6195758808076,-0.4485215581747449,0.0,0.001478117952199697,0.17505563505175267,False,2.184510145728973
P2,C++ OpenMP,gemm,all,393.6,884.3,1488.1751330962024,2526.089325789141,0.07612798101432265,0.0,1.2154852887009729e-08,0.9042398755725751,False,3.7809327568501074
P2,C++ OpenMP,kalman,all,217.9,571.5,3389.76083588517,26859.36551995999,0.30605630073860424,0.0,6.617127166113632e-24,0.9946586842745596,False,15.556497640592793
P2,C++ serial,conv,intf,4626.65,45755.1,1024434.1960571784,44628673.972234204,0.5470977897252713,0.0,0.9603008958861495,0.7696648675522321,False,221.42029244857045
P2,C++ serial,conv,iso,4140.65,48157.3,4042515.9857582715,1561568653.9548075,0.86245714942045,7.778792688684089e-05,0.25760726053364696,0.47800308366916955,False,976.2998528632635
P2,C++ serial,gemm,intf,2180.7,53402.2,31991529.069514442,14490880863.04267,0.8853646305537222,4.1701946851269156e-07,0.1725563396262406,0.8097119870139421,False,14670.302686987869
P2,C++ serial,gemm,iso,1796.35,2620.8,3471.7005467354584,4441.543491208802,0.007772953164017649,1.041711856553107e-06,0.04158607858587287,0.08953381203430316,False,1.9326414934369462
P2,C++ serial,kalman,intf,592.95,9004.6,22852.932495410878,94087.36131022517,0.19823608359660042,0.0011733847128837516,0.3293581065813255,0.011832696691397753,False,38.541078498036725
P2,C++ serial,kalman,iso,541.6,1199.8,1567.4069815813127,1908.0168198799893,-0.05943833891646222,0.05859985994471606,8.101337641172384e-11,0.8309968883927177,False,2.8940306159182287
P2,OpenCL AMD iGPU,conv,intf,1380.65,46509.8,829585.6058069165,61654489.8955325,0.6240005844422309,6.796438751288658e-05,2.346159148268709e-54,0.809323222888662,False,600.8659731336083
P2,OpenCL AMD iGPU,conv,iso,362.75,1597.2,2803.960665058522,3377.3507155327798,-0.09339941693934015,5.0358150661233836e-05,0.2919248807417811,0.05782758050461736,False,7.729733053228179
P2,OpenCL AMD iGPU,gemm,intf,1673.7,14182.7,37072.97530473619,132025.10147810285,0.17808210809997788,0.20148485466181676,0.6126241113875229,0.8601637450292566,True,22.150310870966234
P2,OpenCL AMD iGPU,gemm,iso,655.8,2272.3,20625.00753054162,130506.2382065331,0.2660526817731651,0.0009238540271403473,0.8636766933110154,0.567231292193321,False,31.45014871994758
P2,OpenCL AMD iGPU,kalman,intf,729.65,7118.4,37341.769975573035,243419.77843637037,0.2699377114175415,8.913705788149429e-05,0.08150167321107067,0.6877906412216945,False,51.177646783489394
P2,OpenCL AMD iGPU,kalman,iso,156.4,1271.8,30713.70745494881,1083640.6747470822,0.5165390069379026,4.198863479132342e-13,1.3335106305083125e-11,0.8299574292657955,False,196.37920367614328
