platform,model,impl,device,kernel,size,scenario,iter,lat_ns,e2e_ns
P1,cpp,serial,cpu,gemm,256,warm,0,2510653,2618784
P1,cpp,serial,cpu,gemm,256,warm,1,2294675,2162378
P1,cpp,serial,cpu,gemm,256,warm,2,2282183,2267764
P1,cpp,serial,cpu,gemm,256,warm,3,2143493,2188057
P1,cpp,serial,cpu,gemm,256,warm,4,2155541,2170846
P1,opencl,pocl,cpu,gemm,256,cold,0,24139266,24355787
P1,opencl,pocl,cpu,gemm,256,cold,1,24179745,24639687
P1,opencl,pocl,cpu,gemm,256,cold,2,25939064,24498501
P1,opencl,pocl,cpu,gemm,256,cold,3,24276225,24545986
P1,opencl,pocl,cpu,gemm,256,cold,4,24302486,24219436
P1,opencl,pocl,cpu,gemm,256,warm,0,24163101,24618160
P1,opencl,pocl,cpu,gemm,256,warm,1,24273216,24627998
P1,opencl,pocl,cpu,gemm,256,warm,2,24411891,27212788
P1,opencl,pocl,cpu,gemm,256,warm,3,24237840,24590453
P1,opencl,pocl,cpu,gemm,256,warm,4,24480715,24472833
P1,opencl,intel-ocl,cpu,gemm,256,warm,0,1947438,1912641
P1,opencl,intel-ocl,cpu,gemm,256,warm,1,1839481,1899098
P1,opencl,intel-ocl,cpu,gemm,256,warm,2,1855377,1883432
P1,opencl,intel-ocl,cpu,gemm,256,warm,3,1859146,1966587
P1,opencl,intel-ocl,cpu,gemm,256,warm,4,1849376,1886358
P1,sycl,acpp-omp-jit-usm,cpu,gemm,256,cold,0,1647666,1628552
P1,sycl,acpp-omp-jit-usm,cpu,gemm,256,cold,1,1507411,1667084
P1,sycl,acpp-omp-jit-usm,cpu,gemm,256,cold,2,1502054,1700141
P1,sycl,acpp-omp-jit-usm,cpu,gemm,256,cold,3,1556371,1605659
P1,sycl,acpp-omp-jit-usm,cpu,gemm,256,cold,4,1520503,1609716
P1,sycl,acpp-omp-jit-usm,cpu,gemm,256,warm,0,1563857,1751364
P1,sycl,acpp-omp-jit-usm,cpu,gemm,256,warm,1,1541254,1611560
P1,sycl,acpp-omp-jit-usm,cpu,gemm,256,warm,2,1516443,1605626
P1,sycl,acpp-omp-jit-usm,cpu,gemm,256,warm,3,1506345,1622659
P1,sycl,acpp-omp-jit-usm,cpu,gemm,256,warm,4,1504875,1640208
P1,sycl,acpp-ocl-jit-usm,cpu,gemm,256,cold,0,2563612,2221176
P1,sycl,acpp-ocl-jit-usm,cpu,gemm,256,cold,1,1841673,2136693
P1,sycl,acpp-ocl-jit-usm,cpu,gemm,256,cold,2,1827421,2118957
P1,sycl,acpp-ocl-jit-usm,cpu,gemm,256,cold,3,1837345,2064947
P1,sycl,acpp-ocl-jit-usm,cpu,gemm,256,cold,4,1949677,2104778
P1,sycl,acpp-ocl-jit-usm,cpu,gemm,256,warm,0,3168331,2162832
P1,sycl,acpp-ocl-jit-usm,cpu,gemm,256,warm,1,1889703,2070215
P1,sycl,acpp-ocl-jit-usm,cpu,gemm,256,warm,2,1868627,2064045
P1,sycl,acpp-ocl-jit-usm,cpu,gemm,256,warm,3,1864499,2283348
P1,sycl,acpp-ocl-jit-usm,cpu,gemm,256,warm,4,1931629,2088626
P1,sycl,acpp-omp-aot-usm,cpu,gemm,256,warm,0,4176572,4155515
P1,sycl,acpp-omp-aot-usm,cpu,gemm,256,warm,1,4826583,4217703
P1,sycl,acpp-omp-aot-usm,cpu,gemm,256,warm,2,4000055,4112943
P1,sycl,acpp-omp-aot-usm,cpu,gemm,256,warm,3,4011288,4162105
P1,sycl,acpp-omp-aot-usm,cpu,gemm,256,warm,4,4023159,4114453
P1,cpp,serial,cpu,gemm,256,warm,0,2277347,2136950
P1,cpp,serial,cpu,gemm,256,warm,1,2235941,2164826
P1,cpp,serial,cpu,gemm,256,warm,2,2246494,2189736
P1,cpp,serial,cpu,gemm,256,warm,3,2138860,2216573
P1,cpp,serial,cpu,gemm,256,warm,4,2155310,2179595
P1,opencl,pocl,cpu,gemm,256,cold,0,24364481,24169449
P1,opencl,pocl,cpu,gemm,256,cold,1,24102297,24190481
P1,opencl,pocl,cpu,gemm,256,cold,2,24208392,24285428
P1,opencl,pocl,cpu,gemm,256,cold,3,24129690,24230497
P1,opencl,pocl,cpu,gemm,256,cold,4,24335245,24449026
P1,opencl,pocl,cpu,gemm,256,warm,0,24057272,24114409
P1,opencl,pocl,cpu,gemm,256,warm,1,24282059,24275297
P1,opencl,pocl,cpu,gemm,256,warm,2,24068324,24291701
P1,opencl,pocl,cpu,gemm,256,warm,3,24106961,24172547
P1,opencl,pocl,cpu,gemm,256,warm,4,24029195,24235391
P1,opencl,intel-ocl,cpu,gemm,256,warm,0,1847023,2006474
P1,opencl,intel-ocl,cpu,gemm,256,warm,1,1833368,1989599
P1,opencl,intel-ocl,cpu,gemm,256,warm,2,1802901,1981256
P1,opencl,intel-ocl,cpu,gemm,256,warm,3,1834444,1966575
P1,opencl,intel-ocl,cpu,gemm,256,warm,4,1825246,1987079
P1,sycl,acpp-omp-jit-usm,cpu,gemm,256,cold,0,1618013,1676111
P1,sycl,acpp-omp-jit-usm,cpu,gemm,256,cold,1,1563186,1625717
P1,sycl,acpp-omp-jit-usm,cpu,gemm,256,cold,2,1515082,1691603
P1,sycl,acpp-omp-jit-usm,cpu,gemm,256,cold,3,1518774,1686181
P1,sycl,acpp-omp-jit-usm,cpu,gemm,256,cold,4,1495321,1614656
P1,sycl,acpp-omp-jit-usm,cpu,gemm,256,warm,0,1535858,1639191
P1,sycl,acpp-omp-jit-usm,cpu,gemm,256,warm,1,1584761,1621430
P1,sycl,acpp-omp-jit-usm,cpu,gemm,256,warm,2,1538030,1585806
P1,sycl,acpp-omp-jit-usm,cpu,gemm,256,warm,3,1516995,1675878
P1,sycl,acpp-omp-jit-usm,cpu,gemm,256,warm,4,1513085,1625997
P1,sycl,acpp-ocl-jit-usm,cpu,gemm,256,cold,0,2714285,2222996
P1,sycl,acpp-ocl-jit-usm,cpu,gemm,256,cold,1,1844446,2151801
P1,sycl,acpp-ocl-jit-usm,cpu,gemm,256,cold,2,1803921,2385308
P1,sycl,acpp-ocl-jit-usm,cpu,gemm,256,cold,3,1926020,2077517
P1,sycl,acpp-ocl-jit-usm,cpu,gemm,256,cold,4,1837731,2059873
P1,sycl,acpp-ocl-jit-usm,cpu,gemm,256,warm,0,1895681,2124014
P1,sycl,acpp-ocl-jit-usm,cpu,gemm,256,warm,1,1853823,2068933
P1,sycl,acpp-ocl-jit-usm,cpu,gemm,256,warm,2,1839745,2095450
P1,sycl,acpp-ocl-jit-usm,cpu,gemm,256,warm,3,1811417,2123008
P1,sycl,acpp-ocl-jit-usm,cpu,gemm,256,warm,4,1837933,2127595
P1,sycl,acpp-omp-aot-usm,cpu,gemm,256,warm,0,4667351,4702203
P1,sycl,acpp-omp-aot-usm,cpu,gemm,256,warm,1,4365692,4594588
P1,sycl,acpp-omp-aot-usm,cpu,gemm,256,warm,2,4356974,4560910
P1,sycl,acpp-omp-aot-usm,cpu,gemm,256,warm,3,4368612,4509117
P1,sycl,acpp-omp-aot-usm,cpu,gemm,256,warm,4,4348154,4634072
P1,cpp,serial,cpu,gemm,256,warm,0,2296186,2204075
P1,cpp,serial,cpu,gemm,256,warm,1,2156059,2184739
P1,cpp,serial,cpu,gemm,256,warm,2,2136091,2170078
P1,cpp,serial,cpu,gemm,256,warm,3,2135540,2165277
P1,cpp,serial,cpu,gemm,256,warm,4,2231867,2186469
P1,opencl,pocl,cpu,gemm,256,cold,0,24367548,24396810
P1,opencl,pocl,cpu,gemm,256,cold,1,24729170,24210161
P1,opencl,pocl,cpu,gemm,256,cold,2,24182863,24346709
P1,opencl,pocl,cpu,gemm,256,cold,3,24123518,24374393
P1,opencl,pocl,cpu,gemm,256,cold,4,24209778,24288645
P1,opencl,pocl,cpu,gemm,256,warm,0,24155959,24216197
P1,opencl,pocl,cpu,gemm,256,warm,1,24283911,26701868
P1,opencl,pocl,cpu,gemm,256,warm,2,25719556,25230844
P1,opencl,pocl,cpu,gemm,256,warm,3,24024241,25006557
P1,opencl,pocl,cpu,gemm,256,warm,4,24242529,36625001
P1,opencl,intel-ocl,cpu,gemm,256,warm,0,1821535,2134171
P1,opencl,intel-ocl,cpu,gemm,256,warm,1,1806895,1994749
P1,opencl,intel-ocl,cpu,gemm,256,warm,2,1873978,2097179
P1,opencl,intel-ocl,cpu,gemm,256,warm,3,1988039,2002250
P1,opencl,intel-ocl,cpu,gemm,256,warm,4,1801697,3041876
P1,sycl,acpp-omp-jit-usm,cpu,gemm,256,cold,0,1544023,1648018
P1,sycl,acpp-omp-jit-usm,cpu,gemm,256,cold,1,1556134,1603706
P1,sycl,acpp-omp-jit-usm,cpu,gemm,256,cold,2,1563794,1550038
P1,sycl,acpp-omp-jit-usm,cpu,gemm,256,cold,3,1465571,1586965
P1,sycl,acpp-omp-jit-usm,cpu,gemm,256,cold,4,1464664,1581363
P1,sycl,acpp-omp-jit-usm,cpu,gemm,256,warm,0,2747303,1864241
P1,sycl,acpp-omp-jit-usm,cpu,gemm,256,warm,1,1516923,1790599
P1,sycl,acpp-omp-jit-usm,cpu,gemm,256,warm,2,1529590,1613218
P1,sycl,acpp-omp-jit-usm,cpu,gemm,256,warm,3,1543407,1602906
P1,sycl,acpp-omp-jit-usm,cpu,gemm,256,warm,4,1514525,1603877
P1,sycl,acpp-ocl-jit-usm,cpu,gemm,256,cold,0,1942730,2393346
P1,sycl,acpp-ocl-jit-usm,cpu,gemm,256,cold,1,1830400,2127710
P1,sycl,acpp-ocl-jit-usm,cpu,gemm,256,cold,2,1811621,2366487
P1,sycl,acpp-ocl-jit-usm,cpu,gemm,256,cold,3,1833400,2068994
P1,sycl,acpp-ocl-jit-usm,cpu,gemm,256,cold,4,1815427,2298910
P1,sycl,acpp-ocl-jit-usm,cpu,gemm,256,warm,0,1933192,2138442
P1,sycl,acpp-ocl-jit-usm,cpu,gemm,256,warm,1,1818140,2149935
P1,sycl,acpp-ocl-jit-usm,cpu,gemm,256,warm,2,1838876,2068976
P1,sycl,acpp-ocl-jit-usm,cpu,gemm,256,warm,3,1835453,2082984
P1,sycl,acpp-ocl-jit-usm,cpu,gemm,256,warm,4,1839374,2054010
P1,sycl,acpp-omp-aot-usm,cpu,gemm,256,warm,0,4285282,4314045
P1,sycl,acpp-omp-aot-usm,cpu,gemm,256,warm,1,4277835,4311830
P1,sycl,acpp-omp-aot-usm,cpu,gemm,256,warm,2,4218614,4307704
P1,sycl,acpp-omp-aot-usm,cpu,gemm,256,warm,3,4221116,4321216
P1,sycl,acpp-omp-aot-usm,cpu,gemm,256,warm,4,4219408,4327793
P1,cpp,serial,cpu,gemm,256,warm,0,2170575,2182639
P1,cpp,serial,cpu,gemm,256,warm,1,2148327,2295123
P1,cpp,serial,cpu,gemm,256,warm,2,2198229,2158737
P1,cpp,serial,cpu,gemm,256,warm,3,2192744,2141977
P1,cpp,serial,cpu,gemm,256,warm,4,2192737,2143880
P1,opencl,pocl,cpu,gemm,256,cold,0,25925922,24525587
P1,opencl,pocl,cpu,gemm,256,cold,1,24338337,24833162
P1,opencl,pocl,cpu,gemm,256,cold,2,24739848,24396520
P1,opencl,pocl,cpu,gemm,256,cold,3,24455135,24224097
P1,opencl,pocl,cpu,gemm,256,cold,4,24198902,24472706
P1,opencl,pocl,cpu,gemm,256,warm,0,24156901,24278128
P1,opencl,pocl,cpu,gemm,256,warm,1,24293818,24648204
P1,opencl,pocl,cpu,gemm,256,warm,2,24019483,24130611
P1,opencl,pocl,cpu,gemm,256,warm,3,24107467,24130324
P1,opencl,pocl,cpu,gemm,256,warm,4,24012170,24179046
P1,opencl,intel-ocl,cpu,gemm,256,warm,0,1838872,1947522
P1,opencl,intel-ocl,cpu,gemm,256,warm,1,1878087,1952610
P1,opencl,intel-ocl,cpu,gemm,256,warm,2,1865219,1929535
P1,opencl,intel-ocl,cpu,gemm,256,warm,3,1847090,1937633
P1,opencl,intel-ocl,cpu,gemm,256,warm,4,1896371,1935538
P1,sycl,acpp-omp-jit-usm,cpu,gemm,256,cold,0,1591140,1715340
P1,sycl,acpp-omp-jit-usm,cpu,gemm,256,cold,1,1488590,1655810
P1,sycl,acpp-omp-jit-usm,cpu,gemm,256,cold,2,1483970,1656077
P1,sycl,acpp-omp-jit-usm,cpu,gemm,256,cold,3,1549446,1568514
P1,sycl,acpp-omp-jit-usm,cpu,gemm,256,cold,4,1564244,1575966
P1,sycl,acpp-omp-jit-usm,cpu,gemm,256,warm,0,1545905,1856734
P1,sycl,acpp-omp-jit-usm,cpu,gemm,256,warm,1,1498195,1708006
P1,sycl,acpp-omp-jit-usm,cpu,gemm,256,warm,2,1506845,1663308
P1,sycl,acpp-omp-jit-usm,cpu,gemm,256,warm,3,1543549,1606179
P1,sycl,acpp-omp-jit-usm,cpu,gemm,256,warm,4,1551792,1582659
P1,sycl,acpp-ocl-jit-usm,cpu,gemm,256,cold,0,1895817,2210063
P1,sycl,acpp-ocl-jit-usm,cpu,gemm,256,cold,1,1835349,2113842
P1,sycl,acpp-ocl-jit-usm,cpu,gemm,256,cold,2,1825204,2332159
P1,sycl,acpp-ocl-jit-usm,cpu,gemm,256,cold,3,1876515,2101159
P1,sycl,acpp-ocl-jit-usm,cpu,gemm,256,cold,4,1830771,2100705
P1,sycl,acpp-ocl-jit-usm,cpu,gemm,256,warm,0,2324656,2251898
P1,sycl,acpp-ocl-jit-usm,cpu,gemm,256,warm,1,1950281,2255103
P1,sycl,acpp-ocl-jit-usm,cpu,gemm,256,warm,2,1885402,2109141
P1,sycl,acpp-ocl-jit-usm,cpu,gemm,256,warm,3,1882618,2290843
P1,sycl,acpp-ocl-jit-usm,cpu,gemm,256,warm,4,2002500,2091306
P1,sycl,acpp-omp-aot-usm,cpu,gemm,256,warm,0,4474296,4527496
P1,sycl,acpp-omp-aot-usm,cpu,gemm,256,warm,1,4267458,4317031
P1,sycl,acpp-omp-aot-usm,cpu,gemm,256,warm,2,4174324,4344276
P1,sycl,acpp-omp-aot-usm,cpu,gemm,256,warm,3,4152783,4347081
P1,sycl,acpp-omp-aot-usm,cpu,gemm,256,warm,4,4792805,4331858
P1,cpp,serial,cpu,gemm,256,warm,0,2151215,2207108
P1,cpp,serial,cpu,gemm,256,warm,1,2155989,2187880
P1,cpp,serial,cpu,gemm,256,warm,2,2137211,2208765
P1,cpp,serial,cpu,gemm,256,warm,3,2136060,2176012
P1,cpp,serial,cpu,gemm,256,warm,4,2142161,2168988
P1,opencl,pocl,cpu,gemm,256,cold,0,24171124,24564844
P1,opencl,pocl,cpu,gemm,256,cold,1,30224887,24495564
P1,opencl,pocl,cpu,gemm,256,cold,2,33277857,24739211
P1,opencl,pocl,cpu,gemm,256,cold,3,24087526,29545560
P1,opencl,pocl,cpu,gemm,256,cold,4,24341062,25668801
P1,opencl,pocl,cpu,gemm,256,warm,0,24521636,24968811
P1,opencl,pocl,cpu,gemm,256,warm,1,24715648,24970423
P1,opencl,pocl,cpu,gemm,256,warm,2,24337752,24846169
P1,opencl,pocl,cpu,gemm,256,warm,3,24548831,25000995
P1,opencl,pocl,cpu,gemm,256,warm,4,24748652,25413806
P1,opencl,intel-ocl,cpu,gemm,256,warm,0,1910862,1914052
P1,opencl,intel-ocl,cpu,gemm,256,warm,1,1955186,1937235
P1,opencl,intel-ocl,cpu,gemm,256,warm,2,1855667,1911265
P1,opencl,intel-ocl,cpu,gemm,256,warm,3,1884926,1879423
P1,opencl,intel-ocl,cpu,gemm,256,warm,4,1832248,1885172
P1,sycl,acpp-omp-jit-usm,cpu,gemm,256,cold,0,1599490,1653388
P1,sycl,acpp-omp-jit-usm,cpu,gemm,256,cold,1,1570231,1834648
P1,sycl,acpp-omp-jit-usm,cpu,gemm,256,cold,2,1589539,1662238
P1,sycl,acpp-omp-jit-usm,cpu,gemm,256,cold,3,1519349,1645626
P1,sycl,acpp-omp-jit-usm,cpu,gemm,256,cold,4,1501781,1642140
P1,sycl,acpp-omp-jit-usm,cpu,gemm,256,warm,0,1584339,1717983
P1,sycl,acpp-omp-jit-usm,cpu,gemm,256,warm,1,1514143,1711429
P1,sycl,acpp-omp-jit-usm,cpu,gemm,256,warm,2,1486217,1620385
P1,sycl,acpp-omp-jit-usm,cpu,gemm,256,warm,3,1536544,1622124
P1,sycl,acpp-omp-jit-usm,cpu,gemm,256,warm,4,1515567,1646527
P1,sycl,acpp-ocl-jit-usm,cpu,gemm,256,cold,0,3213004,2194918
P1,sycl,acpp-ocl-jit-usm,cpu,gemm,256,cold,1,1911941,2101167
P1,sycl,acpp-ocl-jit-usm,cpu,gemm,256,cold,2,1877673,2085404
P1,sycl,acpp-ocl-jit-usm,cpu,gemm,256,cold,3,1852470,2091281
P1,sycl,acpp-ocl-jit-usm,cpu,gemm,256,cold,4,1846812,2048270
P1,sycl,acpp-ocl-jit-usm,cpu,gemm,256,warm,0,2193771,2144912
P1,sycl,acpp-ocl-jit-usm,cpu,gemm,256,warm,1,1842431,2087603
P1,sycl,acpp-ocl-jit-usm,cpu,gemm,256,warm,2,1828464,2103841
P1,sycl,acpp-ocl-jit-usm,cpu,gemm,256,warm,3,1850775,2079693
P1,sycl,acpp-ocl-jit-usm,cpu,gemm,256,warm,4,1835124,2068365
P1,sycl,acpp-omp-aot-usm,cpu,gemm,256,warm,0,4196156,4372464
P1,sycl,acpp-omp-aot-usm,cpu,gemm,256,warm,1,4395098,4466491
P1,sycl,acpp-omp-aot-usm,cpu,gemm,256,warm,2,4263063,4543015
P1,sycl,acpp-omp-aot-usm,cpu,gemm,256,warm,3,4215435,4399722
P1,sycl,acpp-omp-aot-usm,cpu,gemm,256,warm,4,4216521,4649943
P1,cpp,serial,cpu,gemm,256,warm,0,2155162,2305480
P1,cpp,serial,cpu,gemm,256,warm,1,2283743,2185710
P1,cpp,serial,cpu,gemm,256,warm,2,2194227,2173002
P1,cpp,serial,cpu,gemm,256,warm,3,2207637,2154720
P1,cpp,serial,cpu,gemm,256,warm,4,2213412,2155132
P1,opencl,pocl,cpu,gemm,256,cold,0,24305738,24297462
P1,opencl,pocl,cpu,gemm,256,cold,1,24158126,24554753
P1,opencl,pocl,cpu,gemm,256,cold,2,24114407,24365192
P1,opencl,pocl,cpu,gemm,256,cold,3,24344256,24450691
P1,opencl,pocl,cpu,gemm,256,cold,4,24193511,24291137
P1,opencl,pocl,cpu,gemm,256,warm,0,26161090,27311475
P1,opencl,pocl,cpu,gemm,256,warm,1,24840512,26135207
P1,opencl,pocl,cpu,gemm,256,warm,2,27523416,28156831
P1,opencl,pocl,cpu,gemm,256,warm,3,26870719,25437271
P1,opencl,pocl,cpu,gemm,256,warm,4,25026270,24825393
P1,opencl,intel-ocl,cpu,gemm,256,warm,0,1780162,1960740
P1,opencl,intel-ocl,cpu,gemm,256,warm,1,1763855,1932050
P1,opencl,intel-ocl,cpu,gemm,256,warm,2,1747679,1929766
P1,opencl,intel-ocl,cpu,gemm,256,warm,3,1793297,1880693
P1,opencl,intel-ocl,cpu,gemm,256,warm,4,1831716,1863762
P1,sycl,acpp-omp-jit-usm,cpu,gemm,256,cold,0,1618631,1626194
P1,sycl,acpp-omp-jit-usm,cpu,gemm,256,cold,1,1544559,1595140
P1,sycl,acpp-omp-jit-usm,cpu,gemm,256,cold,2,1480901,1756781
P1,sycl,acpp-omp-jit-usm,cpu,gemm,256,cold,3,1523327,1638912
P1,sycl,acpp-omp-jit-usm,cpu,gemm,256,cold,4,1494748,1592401
P1,sycl,acpp-omp-jit-usm,cpu,gemm,256,warm,0,1542999,1661276
P1,sycl,acpp-omp-jit-usm,cpu,gemm,256,warm,1,1511850,1575334
P1,sycl,acpp-omp-jit-usm,cpu,gemm,256,warm,2,1513157,1583517
P1,sycl,acpp-omp-jit-usm,cpu,gemm,256,warm,3,1512276,1583455
P1,sycl,acpp-omp-jit-usm,cpu,gemm,256,warm,4,1452809,1612644
P1,sycl,acpp-ocl-jit-usm,cpu,gemm,256,cold,0,2032429,2319383
P1,sycl,acpp-ocl-jit-usm,cpu,gemm,256,cold,1,1901028,2164780
P1,sycl,acpp-ocl-jit-usm,cpu,gemm,256,cold,2,1846054,2100006
P1,sycl,acpp-ocl-jit-usm,cpu,gemm,256,cold,3,1837829,2097148
P1,sycl,acpp-ocl-jit-usm,cpu,gemm,256,cold,4,1913914,2256436
P1,sycl,acpp-ocl-jit-usm,cpu,gemm,256,warm,0,1956337,2236119
P1,sycl,acpp-ocl-jit-usm,cpu,gemm,256,warm,1,1899500,2122846
P1,sycl,acpp-ocl-jit-usm,cpu,gemm,256,warm,2,1983030,2151114
P1,sycl,acpp-ocl-jit-usm,cpu,gemm,256,warm,3,1844680,2121315
P1,sycl,acpp-ocl-jit-usm,cpu,gemm,256,warm,4,1836914,2136805
P1,sycl,acpp-omp-aot-usm,cpu,gemm,256,warm,0,4285006,4543060
P1,sycl,acpp-omp-aot-usm,cpu,gemm,256,warm,1,4265619,4490228
P1,sycl,acpp-omp-aot-usm,cpu,gemm,256,warm,2,4309619,4373823
P1,sycl,acpp-omp-aot-usm,cpu,gemm,256,warm,3,4263381,4526180
P1,sycl,acpp-omp-aot-usm,cpu,gemm,256,warm,4,4299172,4444509
P1,cpp,serial,cpu,gemm,256,warm,0,2312261,2172572
P1,cpp,serial,cpu,gemm,256,warm,1,2319021,2293055
P1,cpp,serial,cpu,gemm,256,warm,2,2208575,2233164
P1,cpp,serial,cpu,gemm,256,warm,3,2209032,2198736
P1,cpp,serial,cpu,gemm,256,warm,4,2150986,2221483
P1,opencl,pocl,cpu,gemm,256,cold,0,25342156,24863039
P1,opencl,pocl,cpu,gemm,256,cold,1,24570159,24652380
P1,opencl,pocl,cpu,gemm,256,cold,2,24423894,24889929
P1,opencl,pocl,cpu,gemm,256,cold,3,24511332,24682203
P1,opencl,pocl,cpu,gemm,256,cold,4,24537760,24784962
P1,opencl,pocl,cpu,gemm,256,warm,0,24382939,24397164
P1,opencl,pocl,cpu,gemm,256,warm,1,24370081,24415492
P1,opencl,pocl,cpu,gemm,256,warm,2,24295651,24601297
P1,opencl,pocl,cpu,gemm,256,warm,3,24527014,24613203
P1,opencl,pocl,cpu,gemm,256,warm,4,24177562,25304639
P1,opencl,intel-ocl,cpu,gemm,256,warm,0,1880086,2487820
P1,opencl,intel-ocl,cpu,gemm,256,warm,1,1996473,1953690
P1,opencl,intel-ocl,cpu,gemm,256,warm,2,1850134,1939709
P1,opencl,intel-ocl,cpu,gemm,256,warm,3,1852312,1901402
P1,opencl,intel-ocl,cpu,gemm,256,warm,4,1781023,1989111
P1,sycl,acpp-omp-jit-usm,cpu,gemm,256,cold,0,1675371,1758187
P1,sycl,acpp-omp-jit-usm,cpu,gemm,256,cold,1,1598484,1649650
P1,sycl,acpp-omp-jit-usm,cpu,gemm,256,cold,2,1519255,2714594
P1,sycl,acpp-omp-jit-usm,cpu,gemm,256,cold,3,1757970,1802975
P1,sycl,acpp-omp-jit-usm,cpu,gemm,256,cold,4,1882977,1861703
P1,sycl,acpp-omp-jit-usm,cpu,gemm,256,warm,0,1587069,1716815
P1,sycl,acpp-omp-jit-usm,cpu,gemm,256,warm,1,1527106,1699111
P1,sycl,acpp-omp-jit-usm,cpu,gemm,256,warm,2,1500178,1627417
P1,sycl,acpp-omp-jit-usm,cpu,gemm,256,warm,3,1645558,1634582
P1,sycl,acpp-omp-jit-usm,cpu,gemm,256,warm,4,1570523,1621430
P1,sycl,acpp-ocl-jit-usm,cpu,gemm,256,cold,0,2482517,2293865
P1,sycl,acpp-ocl-jit-usm,cpu,gemm,256,cold,1,1857015,2213080
P1,sycl,acpp-ocl-jit-usm,cpu,gemm,256,cold,2,1866426,2418518
P1,sycl,acpp-ocl-jit-usm,cpu,gemm,256,cold,3,1876904,2154124
P1,sycl,acpp-ocl-jit-usm,cpu,gemm,256,cold,4,1957069,2294473
P1,sycl,acpp-ocl-jit-usm,cpu,gemm,256,warm,0,2274025,2312481
P1,sycl,acpp-ocl-jit-usm,cpu,gemm,256,warm,1,1886606,2182418
P1,sycl,acpp-ocl-jit-usm,cpu,gemm,256,warm,2,1893106,2160263
P1,sycl,acpp-ocl-jit-usm,cpu,gemm,256,warm,3,1861209,2114156
P1,sycl,acpp-ocl-jit-usm,cpu,gemm,256,warm,4,1847420,2115393
P1,sycl,acpp-omp-aot-usm,cpu,gemm,256,warm,0,4497747,4541216
P1,sycl,acpp-omp-aot-usm,cpu,gemm,256,warm,1,4390777,4547299
P1,sycl,acpp-omp-aot-usm,cpu,gemm,256,warm,2,4271581,4543032
P1,sycl,acpp-omp-aot-usm,cpu,gemm,256,warm,3,4414606,4548680
P1,sycl,acpp-omp-aot-usm,cpu,gemm,256,warm,4,4269993,4561060
P1,cpp,serial,cpu,gemm,256,warm,0,2156660,2219594
P1,cpp,serial,cpu,gemm,256,warm,1,2151441,2199809
P1,cpp,serial,cpu,gemm,256,warm,2,2528492,2529927
P1,cpp,serial,cpu,gemm,256,warm,3,2509129,2362511
P1,cpp,serial,cpu,gemm,256,warm,4,2166114,2219028
P1,opencl,pocl,cpu,gemm,256,cold,0,24800419,24446304
P1,opencl,pocl,cpu,gemm,256,cold,1,24554762,24480727
P1,opencl,pocl,cpu,gemm,256,cold,2,24232240,24744737
P1,opencl,pocl,cpu,gemm,256,cold,3,24699524,24552371
P1,opencl,pocl,cpu,gemm,256,cold,4,24328390,24407915
P1,opencl,pocl,cpu,gemm,256,warm,0,24485515,24475019
P1,opencl,pocl,cpu,gemm,256,warm,1,28031677,24596631
P1,opencl,pocl,cpu,gemm,256,warm,2,24488768,24973677
P1,opencl,pocl,cpu,gemm,256,warm,3,24378075,24350961
P1,opencl,pocl,cpu,gemm,256,warm,4,24516327,24586179
P1,opencl,intel-ocl,cpu,gemm,256,warm,0,1848944,2105316
P1,opencl,intel-ocl,cpu,gemm,256,warm,1,1785226,2036716
P1,opencl,intel-ocl,cpu,gemm,256,warm,2,1810832,2029221
P1,opencl,intel-ocl,cpu,gemm,256,warm,3,1767525,1963362
P1,opencl,intel-ocl,cpu,gemm,256,warm,4,1946374,2043152
P1,sycl,acpp-omp-jit-usm,cpu,gemm,256,cold,0,1584858,1706753
P1,sycl,acpp-omp-jit-usm,cpu,gemm,256,cold,1,1491316,1673893
P1,sycl,acpp-omp-jit-usm,cpu,gemm,256,cold,2,1497855,1693261
P1,sycl,acpp-omp-jit-usm,cpu,gemm,256,cold,3,1626162,1602003
P1,sycl,acpp-omp-jit-usm,cpu,gemm,256,cold,4,1578620,1584797
P1,sycl,acpp-omp-jit-usm,cpu,gemm,256,warm,0,1597639,1598140
P1,sycl,acpp-omp-jit-usm,cpu,gemm,256,warm,1,1589484,1617980
P1,sycl,acpp-omp-jit-usm,cpu,gemm,256,warm,2,1493566,1725760
P1,sycl,acpp-omp-jit-usm,cpu,gemm,256,warm,3,1488799,1664711
P1,sycl,acpp-omp-jit-usm,cpu,gemm,256,warm,4,1488154,1617656
P1,sycl,acpp-ocl-jit-usm,cpu,gemm,256,cold,0,2251301,2319676
P1,sycl,acpp-ocl-jit-usm,cpu,gemm,256,cold,1,1893318,2255248
P1,sycl,acpp-ocl-jit-usm,cpu,gemm,256,cold,2,1940724,2132648
P1,sycl,acpp-ocl-jit-usm,cpu,gemm,256,cold,3,1937402,2166260
P1,sycl,acpp-ocl-jit-usm,cpu,gemm,256,cold,4,2102549,2060476
P1,sycl,acpp-ocl-jit-usm,cpu,gemm,256,warm,0,2278666,2206872
P1,sycl,acpp-ocl-jit-usm,cpu,gemm,256,warm,1,1899905,2183754
P1,sycl,acpp-ocl-jit-usm,cpu,gemm,256,warm,2,1866579,2054348
P1,sycl,acpp-ocl-jit-usm,cpu,gemm,256,warm,3,1859163,2045397
P1,sycl,acpp-ocl-jit-usm,cpu,gemm,256,warm,4,1847621,2047601
P1,sycl,acpp-omp-aot-usm,cpu,gemm,256,warm,0,4237469,4377479
P1,sycl,acpp-omp-aot-usm,cpu,gemm,256,warm,1,4253925,4298166
P1,sycl,acpp-omp-aot-usm,cpu,gemm,256,warm,2,4146248,4311476
P1,sycl,acpp-omp-aot-usm,cpu,gemm,256,warm,3,4172566,4345091
P1,sycl,acpp-omp-aot-usm,cpu,gemm,256,warm,4,4159816,4301913
P1,cpp,serial,cpu,gemm,256,warm,0,2234789,2194218
P1,cpp,serial,cpu,gemm,256,warm,1,2310354,2144541
P1,cpp,serial,cpu,gemm,256,warm,2,2212569,2252201
P1,cpp,serial,cpu,gemm,256,warm,3,2141942,2200402
P1,cpp,serial,cpu,gemm,256,warm,4,2140177,2184380
P1,opencl,pocl,cpu,gemm,256,cold,0,24367860,24541800
P1,opencl,pocl,cpu,gemm,256,cold,1,24347358,24535969
P1,opencl,pocl,cpu,gemm,256,cold,2,24795393,24556204
P1,opencl,pocl,cpu,gemm,256,cold,3,24506343,24748877
P1,opencl,pocl,cpu,gemm,256,cold,4,24811257,24386758
P1,opencl,pocl,cpu,gemm,256,warm,0,24276272,24357608
P1,opencl,pocl,cpu,gemm,256,warm,1,24279153,24519174
P1,opencl,pocl,cpu,gemm,256,warm,2,24184474,24333729
P1,opencl,pocl,cpu,gemm,256,warm,3,24246207,24290789
P1,opencl,pocl,cpu,gemm,256,warm,4,24464668,24829579
P1,opencl,intel-ocl,cpu,gemm,256,warm,0,1986790,2236583
P1,opencl,intel-ocl,cpu,gemm,256,warm,1,1967432,2146477
P1,opencl,intel-ocl,cpu,gemm,256,warm,2,1860894,1999216
P1,opencl,intel-ocl,cpu,gemm,256,warm,3,1978081,2031993
P1,opencl,intel-ocl,cpu,gemm,256,warm,4,1894252,1970990
P1,sycl,acpp-omp-jit-usm,cpu,gemm,256,cold,0,1596717,1725945
P1,sycl,acpp-omp-jit-usm,cpu,gemm,256,cold,1,1601607,1641870
P1,sycl,acpp-omp-jit-usm,cpu,gemm,256,cold,2,1605090,1624580
P1,sycl,acpp-omp-jit-usm,cpu,gemm,256,cold,3,1523981,1717002
P1,sycl,acpp-omp-jit-usm,cpu,gemm,256,cold,4,1605333,1703789
P1,sycl,acpp-omp-jit-usm,cpu,gemm,256,warm,0,2932837,3346128
P1,sycl,acpp-omp-jit-usm,cpu,gemm,256,warm,1,3031459,3221702
P1,sycl,acpp-omp-jit-usm,cpu,gemm,256,warm,2,3042494,3180416
P1,sycl,acpp-omp-jit-usm,cpu,gemm,256,warm,3,3232853,3158809
P1,sycl,acpp-omp-jit-usm,cpu,gemm,256,warm,4,1709358,1860338
P1,sycl,acpp-ocl-jit-usm,cpu,gemm,256,cold,0,2165504,2165215
P1,sycl,acpp-ocl-jit-usm,cpu,gemm,256,cold,1,1905402,2082939
P1,sycl,acpp-ocl-jit-usm,cpu,gemm,256,cold,2,1878693,2088371
P1,sycl,acpp-ocl-jit-usm,cpu,gemm,256,cold,3,1895026,2078335
P1,sycl,acpp-ocl-jit-usm,cpu,gemm,256,cold,4,1883083,2083509
P1,sycl,acpp-ocl-jit-usm,cpu,gemm,256,warm,0,2263632,2422579
P1,sycl,acpp-ocl-jit-usm,cpu,gemm,256,warm,1,1904311,2259053
P1,sycl,acpp-ocl-jit-usm,cpu,gemm,256,warm,2,1823370,2207974
P1,sycl,acpp-ocl-jit-usm,cpu,gemm,256,warm,3,1840158,2163209
P1,sycl,acpp-ocl-jit-usm,cpu,gemm,256,warm,4,1846067,2164309
P1,sycl,acpp-omp-aot-usm,cpu,gemm,256,warm,0,4299929,4411515
P1,sycl,acpp-omp-aot-usm,cpu,gemm,256,warm,1,4269223,4561158
P1,sycl,acpp-omp-aot-usm,cpu,gemm,256,warm,2,4167755,4384782
P1,sycl,acpp-omp-aot-usm,cpu,gemm,256,warm,3,4135213,4439001
P1,sycl,acpp-omp-aot-usm,cpu,gemm,256,warm,4,4149023,4377793
P1,cpp,serial,cpu,gemm,256,warm,0,2144983,2300240
P1,cpp,serial,cpu,gemm,256,warm,1,2222385,2138364
P1,cpp,serial,cpu,gemm,256,warm,2,2196600,2146433
P1,cpp,serial,cpu,gemm,256,warm,3,2182654,2138642
P1,cpp,serial,cpu,gemm,256,warm,4,2220999,2133260
P1,opencl,pocl,cpu,gemm,256,cold,0,24338424,24485447
P1,opencl,pocl,cpu,gemm,256,cold,1,25020590,24568250
P1,opencl,pocl,cpu,gemm,256,cold,2,24335307,24599715
P1,opencl,pocl,cpu,gemm,256,cold,3,24327949,25170358
P1,opencl,pocl,cpu,gemm,256,cold,4,24204553,24525914
P1,opencl,pocl,cpu,gemm,256,warm,0,24427325,24463362
P1,opencl,pocl,cpu,gemm,256,warm,1,24923580,24651136
P1,opencl,pocl,cpu,gemm,256,warm,2,27535736,26728224
P1,opencl,pocl,cpu,gemm,256,warm,3,25270493,36715262
P1,opencl,pocl,cpu,gemm,256,warm,4,29057102,27771755
P1,opencl,intel-ocl,cpu,gemm,256,warm,0,2440898,2018969
P1,opencl,intel-ocl,cpu,gemm,256,warm,1,1881291,1990097
P1,opencl,intel-ocl,cpu,gemm,256,warm,2,2063018,3136267
P1,opencl,intel-ocl,cpu,gemm,256,warm,3,2512719,3144183
P1,opencl,intel-ocl,cpu,gemm,256,warm,4,2692022,2813587
P1,sycl,acpp-omp-jit-usm,cpu,gemm,256,cold,0,2575831,2984839
P1,sycl,acpp-omp-jit-usm,cpu,gemm,256,cold,1,2660008,2894500
P1,sycl,acpp-omp-jit-usm,cpu,gemm,256,cold,2,2740669,2852097
P1,sycl,acpp-omp-jit-usm,cpu,gemm,256,cold,3,2687523,2949036
P1,sycl,acpp-omp-jit-usm,cpu,gemm,256,cold,4,2361899,1831739
P1,sycl,acpp-omp-jit-usm,cpu,gemm,256,warm,0,1943147,1955692
P1,sycl,acpp-omp-jit-usm,cpu,gemm,256,warm,1,1693980,1705246
P1,sycl,acpp-omp-jit-usm,cpu,gemm,256,warm,2,1575250,1656450
P1,sycl,acpp-omp-jit-usm,cpu,gemm,256,warm,3,1490404,1735030
P1,sycl,acpp-omp-jit-usm,cpu,gemm,256,warm,4,1641280,2323929
P1,sycl,acpp-ocl-jit-usm,cpu,gemm,256,cold,0,1960172,2490557
P1,sycl,acpp-ocl-jit-usm,cpu,gemm,256,cold,1,1900275,2372406
P1,sycl,acpp-ocl-jit-usm,cpu,gemm,256,cold,2,1874185,2264621
P1,sycl,acpp-ocl-jit-usm,cpu,gemm,256,cold,3,1966421,2222814
P1,sycl,acpp-ocl-jit-usm,cpu,gemm,256,cold,4,1826820,2181854
P1,sycl,acpp-ocl-jit-usm,cpu,gemm,256,warm,0,1960706,2308000
P1,sycl,acpp-ocl-jit-usm,cpu,gemm,256,warm,1,1837322,2306584
P1,sycl,acpp-ocl-jit-usm,cpu,gemm,256,warm,2,1907607,2338616
P1,sycl,acpp-ocl-jit-usm,cpu,gemm,256,warm,3,1896660,2129987
P1,sycl,acpp-ocl-jit-usm,cpu,gemm,256,warm,4,1827370,2106965
P1,sycl,acpp-omp-aot-usm,cpu,gemm,256,warm,0,4605882,4492145
P1,sycl,acpp-omp-aot-usm,cpu,gemm,256,warm,1,4396378,4755247
P1,sycl,acpp-omp-aot-usm,cpu,gemm,256,warm,2,5269934,4498200
P1,sycl,acpp-omp-aot-usm,cpu,gemm,256,warm,3,4285379,4445479
P1,sycl,acpp-omp-aot-usm,cpu,gemm,256,warm,4,4615706,4399397
P1,cpp,serial,cpu,gemm,256,warm,0,2154689,2336407
P1,cpp,serial,cpu,gemm,256,warm,1,2185463,2220426
P1,cpp,serial,cpu,gemm,256,warm,2,2177373,2188110
P1,cpp,serial,cpu,gemm,256,warm,3,2147069,2236342
P1,cpp,serial,cpu,gemm,256,warm,4,2180651,2151204
P1,opencl,pocl,cpu,gemm,256,cold,0,25148425,24250302
P1,opencl,pocl,cpu,gemm,256,cold,1,24639129,24864577
P1,opencl,pocl,cpu,gemm,256,cold,2,26056211,24500267
P1,opencl,pocl,cpu,gemm,256,cold,3,26326127,25175211
P1,opencl,pocl,cpu,gemm,256,cold,4,27675373,24393322
P1,opencl,pocl,cpu,gemm,256,warm,0,30589397,25454461
P1,opencl,pocl,cpu,gemm,256,warm,1,29137523,26854245
P1,opencl,pocl,cpu,gemm,256,warm,2,29772169,24553465
P1,opencl,pocl,cpu,gemm,256,warm,3,25350350,24334933
P1,opencl,pocl,cpu,gemm,256,warm,4,24102972,25481980
P1,opencl,intel-ocl,cpu,gemm,256,warm,0,1908189,1958336
P1,opencl,intel-ocl,cpu,gemm,256,warm,1,1760544,2057548
P1,opencl,intel-ocl,cpu,gemm,256,warm,2,1779120,2000578
P1,opencl,intel-ocl,cpu,gemm,256,warm,3,1857838,6850941
P1,opencl,intel-ocl,cpu,gemm,256,warm,4,6089417,5941879
P1,sycl,acpp-omp-jit-usm,cpu,gemm,256,cold,0,1599856,1751532
P1,sycl,acpp-omp-jit-usm,cpu,gemm,256,cold,1,1497546,1726456
P1,sycl,acpp-omp-jit-usm,cpu,gemm,256,cold,2,1505900,1634895
P1,sycl,acpp-omp-jit-usm,cpu,gemm,256,cold,3,1638397,1635076
P1,sycl,acpp-omp-jit-usm,cpu,gemm,256,cold,4,1564119,1641264
P1,sycl,acpp-omp-jit-usm,cpu,gemm,256,warm,0,1782603,1742278
P1,sycl,acpp-omp-jit-usm,cpu,gemm,256,warm,1,1476021,1800316
P1,sycl,acpp-omp-jit-usm,cpu,gemm,256,warm,2,1575361,1615100
P1,sycl,acpp-omp-jit-usm,cpu,gemm,256,warm,3,1582870,1655262
P1,sycl,acpp-omp-jit-usm,cpu,gemm,256,warm,4,1630482,1758021
P1,sycl,acpp-ocl-jit-usm,cpu,gemm,256,cold,0,2074600,2515383
P1,sycl,acpp-ocl-jit-usm,cpu,gemm,256,cold,1,2208457,2396893
P1,sycl,acpp-ocl-jit-usm,cpu,gemm,256,cold,2,2000742,2202513
P1,sycl,acpp-ocl-jit-usm,cpu,gemm,256,cold,3,1963447,2221716
P1,sycl,acpp-ocl-jit-usm,cpu,gemm,256,cold,4,1894028,2110650
P1,sycl,acpp-ocl-jit-usm,cpu,gemm,256,warm,0,2048200,2319639
P1,sycl,acpp-ocl-jit-usm,cpu,gemm,256,warm,1,1880470,3247503
P1,sycl,acpp-ocl-jit-usm,cpu,gemm,256,warm,2,1951309,2271407
P1,sycl,acpp-ocl-jit-usm,cpu,gemm,256,warm,3,1861538,2148971
P1,sycl,acpp-ocl-jit-usm,cpu,gemm,256,warm,4,1846759,2148339
P1,sycl,acpp-omp-aot-usm,cpu,gemm,256,warm,0,4064733,4215465
P1,sycl,acpp-omp-aot-usm,cpu,gemm,256,warm,1,4210610,4256028
P1,sycl,acpp-omp-aot-usm,cpu,gemm,256,warm,2,4270581,4311469
P1,sycl,acpp-omp-aot-usm,cpu,gemm,256,warm,3,4199196,4278163
P1,sycl,acpp-omp-aot-usm,cpu,gemm,256,warm,4,4208125,4304124
P1,cpp,serial,cpu,gemm,256,warm,0,2239988,2143063
P1,cpp,serial,cpu,gemm,256,warm,1,2286268,2145925
P1,cpp,serial,cpu,gemm,256,warm,2,2174049,2147337
P1,cpp,serial,cpu,gemm,256,warm,3,2218945,2198754
P1,cpp,serial,cpu,gemm,256,warm,4,2146897,2196138
P1,opencl,pocl,cpu,gemm,256,cold,0,24335554,24297405
P1,opencl,pocl,cpu,gemm,256,cold,1,24476872,24608449
P1,opencl,pocl,cpu,gemm,256,cold,2,24497653,24368043
P1,opencl,pocl,cpu,gemm,256,cold,3,24142938,24431379
P1,opencl,pocl,cpu,gemm,256,cold,4,24161080,24398104
P1,opencl,pocl,cpu,gemm,256,warm,0,25008764,24339289
P1,opencl,pocl,cpu,gemm,256,warm,1,25871955,24494649
P1,opencl,pocl,cpu,gemm,256,warm,2,24691719,24320157
P1,opencl,pocl,cpu,gemm,256,warm,3,24305937,24554623
P1,opencl,pocl,cpu,gemm,256,warm,4,24460039,24333745
P1,opencl,intel-ocl,cpu,gemm,256,warm,0,2176644,2443541
P1,opencl,intel-ocl,cpu,gemm,256,warm,1,1949336,1906214
P1,opencl,intel-ocl,cpu,gemm,256,warm,2,2034350,1929207
P1,opencl,intel-ocl,cpu,gemm,256,warm,3,1875524,2075247
P1,opencl,intel-ocl,cpu,gemm,256,warm,4,1882660,1896659
P1,sycl,acpp-omp-jit-usm,cpu,gemm,256,cold,0,1624102,1629120
P1,sycl,acpp-omp-jit-usm,cpu,gemm,256,cold,1,1570165,1698243
P1,sycl,acpp-omp-jit-usm,cpu,gemm,256,cold,2,1464222,1638510
P1,sycl,acpp-omp-jit-usm,cpu,gemm,256,cold,3,1482018,1593340
P1,sycl,acpp-omp-jit-usm,cpu,gemm,256,cold,4,1528339,1585879
P1,sycl,acpp-omp-jit-usm,cpu,gemm,256,warm,0,1614819,1710785
P1,sycl,acpp-omp-jit-usm,cpu,gemm,256,warm,1,1642043,1570017
P1,sycl,acpp-omp-jit-usm,cpu,gemm,256,warm,2,1515298,1571421
P1,sycl,acpp-omp-jit-usm,cpu,gemm,256,warm,3,1471442,1604589
P1,sycl,acpp-omp-jit-usm,cpu,gemm,256,warm,4,1521384,1553757
P1,sycl,acpp-ocl-jit-usm,cpu,gemm,256,cold,0,2068086,2229597
P1,sycl,acpp-ocl-jit-usm,cpu,gemm,256,cold,1,1869937,2135083
P1,sycl,acpp-ocl-jit-usm,cpu,gemm,256,cold,2,1848170,2113734
P1,sycl,acpp-ocl-jit-usm,cpu,gemm,256,cold,3,1846983,2224034
P1,sycl,acpp-ocl-jit-usm,cpu,gemm,256,cold,4,1853355,2082861
P1,sycl,acpp-ocl-jit-usm,cpu,gemm,256,warm,0,2233033,2173124
P1,sycl,acpp-ocl-jit-usm,cpu,gemm,256,warm,1,2017507,2184529
P1,sycl,acpp-ocl-jit-usm,cpu,gemm,256,warm,2,1941198,2070732
P1,sycl,acpp-ocl-jit-usm,cpu,gemm,256,warm,3,1884158,2123511
P1,sycl,acpp-ocl-jit-usm,cpu,gemm,256,warm,4,1887336,2046603
P1,sycl,acpp-omp-aot-usm,cpu,gemm,256,warm,0,4333426,4595436
P1,sycl,acpp-omp-aot-usm,cpu,gemm,256,warm,1,4670325,4228307
P1,sycl,acpp-omp-aot-usm,cpu,gemm,256,warm,2,4253890,4998525
P1,sycl,acpp-omp-aot-usm,cpu,gemm,256,warm,3,4201337,4877568
P1,sycl,acpp-omp-aot-usm,cpu,gemm,256,warm,4,4520100,4896376
P1,cpp,serial,cpu,gemm,256,warm,0,2148826,2584664
P1,cpp,serial,cpu,gemm,256,warm,1,2191453,2138915
P1,cpp,serial,cpu,gemm,256,warm,2,2232095,2192707
P1,cpp,serial,cpu,gemm,256,warm,3,2328863,2167888
P1,cpp,serial,cpu,gemm,256,warm,4,2215244,2259733
P1,opencl,pocl,cpu,gemm,256,cold,0,34752284,48474403
P1,opencl,pocl,cpu,gemm,256,cold,1,46886699,40625786
P1,opencl,pocl,cpu,gemm,256,cold,2,24250332,24383069
P1,opencl,pocl,cpu,gemm,256,cold,3,24638986,24412390
P1,opencl,pocl,cpu,gemm,256,cold,4,24337260,24381248
P1,opencl,pocl,cpu,gemm,256,warm,0,24396228,24391360
P1,opencl,pocl,cpu,gemm,256,warm,1,24164925,29867129
P1,opencl,pocl,cpu,gemm,256,warm,2,24177366,25415767
P1,opencl,pocl,cpu,gemm,256,warm,3,24362370,31882508
P1,opencl,pocl,cpu,gemm,256,warm,4,34084276,24899586
P1,opencl,intel-ocl,cpu,gemm,256,warm,0,1854470,2032975
P1,opencl,intel-ocl,cpu,gemm,256,warm,1,1837340,2110184
P1,opencl,intel-ocl,cpu,gemm,256,warm,2,1863857,2022634
P1,opencl,intel-ocl,cpu,gemm,256,warm,3,1827105,2043451
P1,opencl,intel-ocl,cpu,gemm,256,warm,4,1833447,2071330
P1,sycl,acpp-omp-jit-usm,cpu,gemm,256,cold,0,3202338,3256495
P1,sycl,acpp-omp-jit-usm,cpu,gemm,256,cold,1,3019447,3454226
P1,sycl,acpp-omp-jit-usm,cpu,gemm,256,cold,2,3018759,3347240
P1,sycl,acpp-omp-jit-usm,cpu,gemm,256,cold,3,2730872,3565330
P1,sycl,acpp-omp-jit-usm,cpu,gemm,256,cold,4,2368496,1851560
P1,sycl,acpp-omp-jit-usm,cpu,gemm,256,warm,0,1777556,1830508
P1,sycl,acpp-omp-jit-usm,cpu,gemm,256,warm,1,1625838,1886977
P1,sycl,acpp-omp-jit-usm,cpu,gemm,256,warm,2,1565095,1772524
P1,sycl,acpp-omp-jit-usm,cpu,gemm,256,warm,3,1550654,1753004
P1,sycl,acpp-omp-jit-usm,cpu,gemm,256,warm,4,1559671,1709598
P1,sycl,acpp-ocl-jit-usm,cpu,gemm,256,cold,0,3009116,2817158
P1,sycl,acpp-ocl-jit-usm,cpu,gemm,256,cold,1,2319909,5000068
P1,sycl,acpp-ocl-jit-usm,cpu,gemm,256,cold,2,3049180,3375387
P1,sycl,acpp-ocl-jit-usm,cpu,gemm,256,cold,3,3279435,3864491
P1,sycl,acpp-ocl-jit-usm,cpu,gemm,256,cold,4,3025373,3435938
P1,sycl,acpp-ocl-jit-usm,cpu,gemm,256,warm,0,2548212,2327718
P1,sycl,acpp-ocl-jit-usm,cpu,gemm,256,warm,1,1888011,2141368
P1,sycl,acpp-ocl-jit-usm,cpu,gemm,256,warm,2,1988186,2122453
P1,sycl,acpp-ocl-jit-usm,cpu,gemm,256,warm,3,1850299,2110170
P1,sycl,acpp-ocl-jit-usm,cpu,gemm,256,warm,4,1841866,2071033
P1,sycl,acpp-omp-aot-usm,cpu,gemm,256,warm,0,4526494,5660736
P1,sycl,acpp-omp-aot-usm,cpu,gemm,256,warm,1,4316510,4505564
P1,sycl,acpp-omp-aot-usm,cpu,gemm,256,warm,2,4301645,4466789
P1,sycl,acpp-omp-aot-usm,cpu,gemm,256,warm,3,4437492,4326432
P1,sycl,acpp-omp-aot-usm,cpu,gemm,256,warm,4,4187373,4308514
P1,cpp,serial,cpu,gemm,256,warm,0,2658161,2709641
P1,cpp,serial,cpu,gemm,256,warm,1,2273213,2232884
P1,cpp,serial,cpu,gemm,256,warm,2,2191664,2452071
P1,cpp,serial,cpu,gemm,256,warm,3,2249858,2144171
P1,cpp,serial,cpu,gemm,256,warm,4,2202807,2163133
P1,opencl,pocl,cpu,gemm,256,cold,0,24191958,24622081
P1,opencl,pocl,cpu,gemm,256,cold,1,24280599,24238930
P1,opencl,pocl,cpu,gemm,256,cold,2,24156838,24297344
P1,opencl,pocl,cpu,gemm,256,cold,3,24180617,24258946
P1,opencl,pocl,cpu,gemm,256,cold,4,24135753,24302843
P1,opencl,pocl,cpu,gemm,256,warm,0,24310668,24604573
P1,opencl,pocl,cpu,gemm,256,warm,1,24247640,24345459
P1,opencl,pocl,cpu,gemm,256,warm,2,24139417,24360165
P1,opencl,pocl,cpu,gemm,256,warm,3,24211568,24313547
P1,opencl,pocl,cpu,gemm,256,warm,4,24144894,24334890
P1,opencl,intel-ocl,cpu,gemm,256,warm,0,1912694,1918296
P1,opencl,intel-ocl,cpu,gemm,256,warm,1,1870831,1936138
P1,opencl,intel-ocl,cpu,gemm,256,warm,2,1859515,1923280
P1,opencl,intel-ocl,cpu,gemm,256,warm,3,1879521,1919180
P1,opencl,intel-ocl,cpu,gemm,256,warm,4,1843819,1913174
P1,sycl,acpp-omp-jit-usm,cpu,gemm,256,cold,0,1649356,1767133
P1,sycl,acpp-omp-jit-usm,cpu,gemm,256,cold,1,1537147,1688453
P1,sycl,acpp-omp-jit-usm,cpu,gemm,256,cold,2,1513221,1628965
P1,sycl,acpp-omp-jit-usm,cpu,gemm,256,cold,3,1578808,1700527
P1,sycl,acpp-omp-jit-usm,cpu,gemm,256,cold,4,1570372,1644175
P1,sycl,acpp-omp-jit-usm,cpu,gemm,256,warm,0,1615883,1747873
P1,sycl,acpp-omp-jit-usm,cpu,gemm,256,warm,1,1530853,1673953
P1,sycl,acpp-omp-jit-usm,cpu,gemm,256,warm,2,1533620,1775314
P1,sycl,acpp-omp-jit-usm,cpu,gemm,256,warm,3,1527981,1634967
P1,sycl,acpp-omp-jit-usm,cpu,gemm,256,warm,4,1509401,1630266
P1,sycl,acpp-ocl-jit-usm,cpu,gemm,256,cold,0,2259738,2251861
P1,sycl,acpp-ocl-jit-usm,cpu,gemm,256,cold,1,1909312,2145561
P1,sycl,acpp-ocl-jit-usm,cpu,gemm,256,cold,2,2033803,2076690
P1,sycl,acpp-ocl-jit-usm,cpu,gemm,256,cold,3,2014618,2095608
P1,sycl,acpp-ocl-jit-usm,cpu,gemm,256,cold,4,2183649,2064424
P1,sycl,acpp-ocl-jit-usm,cpu,gemm,256,warm,0,1998705,2312172
P1,sycl,acpp-ocl-jit-usm,cpu,gemm,256,warm,1,1887184,2321243
P1,sycl,acpp-ocl-jit-usm,cpu,gemm,256,warm,2,1849017,2613688
P1,sycl,acpp-ocl-jit-usm,cpu,gemm,256,warm,3,1853802,2182671
P1,sycl,acpp-ocl-jit-usm,cpu,gemm,256,warm,4,1841478,2198065
P1,sycl,acpp-omp-aot-usm,cpu,gemm,256,warm,0,4412466,4546267
P1,sycl,acpp-omp-aot-usm,cpu,gemm,256,warm,1,4270720,4400589
P1,sycl,acpp-omp-aot-usm,cpu,gemm,256,warm,2,4282861,4399499
P1,sycl,acpp-omp-aot-usm,cpu,gemm,256,warm,3,4206513,4410853
P1,sycl,acpp-omp-aot-usm,cpu,gemm,256,warm,4,4207488,4428188
P1,cpp,serial,cpu,gemm,256,warm,0,2329916,2146538
P1,cpp,serial,cpu,gemm,256,warm,1,2202179,2144666
P1,cpp,serial,cpu,gemm,256,warm,2,2193584,2139956
P1,cpp,serial,cpu,gemm,256,warm,3,2181007,2140236
P1,cpp,serial,cpu,gemm,256,warm,4,2196387,2177707
P1,opencl,pocl,cpu,gemm,256,cold,0,24244856,24288430
P1,opencl,pocl,cpu,gemm,256,cold,1,24085579,24274642
P1,opencl,pocl,cpu,gemm,256,cold,2,24151460,24270261
P1,opencl,pocl,cpu,gemm,256,cold,3,24147384,25213709
P1,opencl,pocl,cpu,gemm,256,cold,4,24146699,24479348
P1,opencl,pocl,cpu,gemm,256,warm,0,24190449,24345970
P1,opencl,pocl,cpu,gemm,256,warm,1,24222678,24275972
P1,opencl,pocl,cpu,gemm,256,warm,2,24206170,24381581
P1,opencl,pocl,cpu,gemm,256,warm,3,24736612,24327594
P1,opencl,pocl,cpu,gemm,256,warm,4,24096782,24250669
P1,opencl,intel-ocl,cpu,gemm,256,warm,0,1902753,2085659
P1,opencl,intel-ocl,cpu,gemm,256,warm,1,1802526,1991379
P1,opencl,intel-ocl,cpu,gemm,256,warm,2,1793596,1942085
P1,opencl,intel-ocl,cpu,gemm,256,warm,3,1866168,1935236
P1,opencl,intel-ocl,cpu,gemm,256,warm,4,1841712,1931070
P1,sycl,acpp-omp-jit-usm,cpu,gemm,256,cold,0,1717903,1698646
P1,sycl,acpp-omp-jit-usm,cpu,gemm,256,cold,1,1639679,1835236
P1,sycl,acpp-omp-jit-usm,cpu,gemm,256,cold,2,1557956,1758942
P1,sycl,acpp-omp-jit-usm,cpu,gemm,256,cold,3,1511898,1675957
P1,sycl,acpp-omp-jit-usm,cpu,gemm,256,cold,4,1514097,1618462
P1,sycl,acpp-omp-jit-usm,cpu,gemm,256,warm,0,1570348,1747852
P1,sycl,acpp-omp-jit-usm,cpu,gemm,256,warm,1,1561804,1647576
P1,sycl,acpp-omp-jit-usm,cpu,gemm,256,warm,2,1497495,1600047
P1,sycl,acpp-omp-jit-usm,cpu,gemm,256,warm,3,1545911,1598499
P1,sycl,acpp-omp-jit-usm,cpu,gemm,256,warm,4,1546160,1626551
P1,sycl,acpp-ocl-jit-usm,cpu,gemm,256,cold,0,2228588,2205180
P1,sycl,acpp-ocl-jit-usm,cpu,gemm,256,cold,1,1861220,2156521
P1,sycl,acpp-ocl-jit-usm,cpu,gemm,256,cold,2,1846069,2155753
P1,sycl,acpp-ocl-jit-usm,cpu,gemm,256,cold,3,1845744,2129739
P1,sycl,acpp-ocl-jit-usm,cpu,gemm,256,cold,4,1847886,2102750
P1,sycl,acpp-ocl-jit-usm,cpu,gemm,256,warm,0,2143854,2248786
P1,sycl,acpp-ocl-jit-usm,cpu,gemm,256,warm,1,1909077,2126267
P1,sycl,acpp-ocl-jit-usm,cpu,gemm,256,warm,2,1838883,2099652
P1,sycl,acpp-ocl-jit-usm,cpu,gemm,256,warm,3,1842204,2112571
P1,sycl,acpp-ocl-jit-usm,cpu,gemm,256,warm,4,1831191,2105683
P1,sycl,acpp-omp-aot-usm,cpu,gemm,256,warm,0,4998811,4973253
P1,sycl,acpp-omp-aot-usm,cpu,gemm,256,warm,1,4300990,4476077
P1,sycl,acpp-omp-aot-usm,cpu,gemm,256,warm,2,4256928,4494961
P1,sycl,acpp-omp-aot-usm,cpu,gemm,256,warm,3,4243333,4456268
P1,sycl,acpp-omp-aot-usm,cpu,gemm,256,warm,4,4219853,4429432
