kernel,size,impl,ratio,ci_lo,ci_hi
conv,512,acpp-ocl-jit-usm,0.9869554986202077,0.9806971375901467,0.9907406193799355
conv,512,acpp-ocl-jit-buf,0.9908336656630352,0.9839239555314752,0.9961753587307044
conv,1024,acpp-ocl-jit-usm,1.295363307034191,1.272916436435855,1.3279165668506439
conv,1024,acpp-ocl-jit-buf,1.335689236078632,1.3139086238062867,1.3492586497568673
gemm,256,acpp-ocl-jit-usm,1.0065657987484098,0.9974150585185779,1.0146795281555876
gemm,256,acpp-ocl-jit-buf,1.0105455184300107,1.003216820054918,1.0158212886197446
gemm,512,acpp-ocl-jit-usm,1.4168029153542956,1.3872855431719882,1.4398530089555042
gemm,512,acpp-ocl-jit-buf,1.3500376314530635,1.248205684728789,1.388918496950599
kalman,4096,acpp-ocl-jit-usm,0.7295500821238113,0.7164101044828115,0.7350476633306344
kalman,4096,acpp-ocl-jit-buf,0.7271295026756197,0.7187626031486746,0.7337557896268193
kalman,32768,acpp-ocl-jit-usm,0.6753774161121855,0.6697820394935342,0.6843742298277918
kalman,32768,acpp-ocl-jit-buf,0.670112480070299,0.6658528593954418,0.6759720524865676
null,1,acpp-ocl-jit-usm,3.8664269201130232,3.8308954667103516,3.8852600293598876
null,1,acpp-ocl-jit-buf,4.4054713588492165,4.382961844809866,4.424382716049383
