platform,model,impl,device,kernel,size,scenario,t_init_ns,t_build_ns,t_first_ns,max_rel_err
P2,opencl,amd-ocl,gpu,gemm,256,ovh,1051250800,716983600,1482100,4.415e-04
P2,opencl,amd-ocl,gpu,null,1,ovh,807013500,705552600,437000,-1.000e+00
P2,cpp,serial,cpu,gemm,256,ovh,0,0,2310400,0.000e+00
P2,opencl,amd-ocl,gpu,gemm,256,ovh,1287104600,730709800,1303500,4.415e-04
P2,opencl,amd-ocl,gpu,null,1,ovh,827626000,681444400,347700,-1.000e+00
P2,cpp,serial,cpu,gemm,256,ovh,0,0,2333300,0.000e+00
P2,opencl,amd-ocl,gpu,gemm,256,ovh,1281070300,698657200,1199300,4.415e-04
P2,opencl,amd-ocl,gpu,null,1,ovh,795946400,720332900,479500,-1.000e+00
P2,cpp,serial,cpu,gemm,256,ovh,0,0,2012000,0.000e+00
P2,opencl,amd-ocl,gpu,gemm,256,ovh,1318362600,705005700,1351100,4.415e-04
P2,opencl,amd-ocl,gpu,null,1,ovh,802230000,714013700,472800,-1.000e+00
P2,cpp,serial,cpu,gemm,256,ovh,0,0,2310200,0.000e+00
P2,opencl,amd-ocl,gpu,gemm,256,ovh,787872300,475684400,1202400,4.415e-04
P2,opencl,amd-ocl,gpu,null,1,ovh,820266400,720749900,415500,-1.000e+00
P2,cpp,serial,cpu,gemm,256,ovh,0,0,2249700,0.000e+00
P2,opencl,amd-ocl,gpu,gemm,256,ovh,783483800,478632100,1185600,4.415e-04
P2,opencl,amd-ocl,gpu,null,1,ovh,784386400,707497300,448000,-1.000e+00
P2,cpp,serial,cpu,gemm,256,ovh,0,0,2362600,0.000e+00
P2,opencl,amd-ocl,gpu,gemm,256,ovh,790463600,469376800,1554700,4.415e-04
P2,opencl,amd-ocl,gpu,null,1,ovh,796999400,721613200,371000,-1.000e+00
P2,cpp,serial,cpu,gemm,256,ovh,0,0,2317500,0.000e+00
P2,opencl,amd-ocl,gpu,gemm,256,ovh,1302238000,717491800,1541700,4.415e-04
P2,opencl,amd-ocl,gpu,null,1,ovh,800513600,707442400,450800,-1.000e+00
P2,cpp,serial,cpu,gemm,256,ovh,0,0,2280700,0.000e+00
P2,opencl,amd-ocl,gpu,gemm,256,ovh,792312300,472661800,1220000,4.415e-04
P2,opencl,amd-ocl,gpu,null,1,ovh,785997300,723078600,426700,-1.000e+00
P2,cpp,serial,cpu,gemm,256,ovh,0,0,2305400,0.000e+00
P2,opencl,amd-ocl,gpu,gemm,256,ovh,1305140600,701637300,1456500,4.415e-04
P2,opencl,amd-ocl,gpu,null,1,ovh,808571600,469023300,293400,-1.000e+00
P2,cpp,serial,cpu,gemm,256,ovh,0,0,1937100,0.000e+00
P2,opencl,amd-ocl,gpu,gemm,256,ovh,1012154300,719292500,1650300,4.415e-04
P2,opencl,amd-ocl,gpu,null,1,ovh,811970200,712312300,409500,-1.000e+00
P2,cpp,serial,cpu,gemm,256,ovh,0,0,2189600,0.000e+00
P2,opencl,amd-ocl,gpu,gemm,256,ovh,804128000,472943500,1294500,4.415e-04
P2,opencl,amd-ocl,gpu,null,1,ovh,863174500,726732900,375100,-1.000e+00
P2,cpp,serial,cpu,gemm,256,ovh,0,0,2273400,0.000e+00
P2,opencl,amd-ocl,gpu,gemm,256,ovh,1299866800,41761299700,3577100,4.415e-04
P2,opencl,amd-ocl,gpu,null,1,ovh,1299325800,562488300,238900,-1.000e+00
P2,cpp,serial,cpu,gemm,256,ovh,0,0,2877700,0.000e+00
P2,opencl,amd-ocl,gpu,gemm,256,ovh,899674400,495135100,1112900,4.415e-04
P2,opencl,amd-ocl,gpu,null,1,ovh,857952700,492557500,320300,-1.000e+00
P2,cpp,serial,cpu,gemm,256,ovh,0,0,1906500,0.000e+00
P2,opencl,amd-ocl,gpu,gemm,256,ovh,848903900,509576000,1164200,4.415e-04
P2,opencl,amd-ocl,gpu,null,1,ovh,838336500,483798400,318200,-1.000e+00
P2,cpp,serial,cpu,gemm,256,ovh,0,0,1927500,0.000e+00
P2,opencl,amd-ocl,gpu,gemm,256,ovh,828704700,530711600,1182900,4.415e-04
P2,opencl,amd-ocl,gpu,null,1,ovh,910560200,571481500,332000,-1.000e+00
P2,cpp,serial,cpu,gemm,256,ovh,0,0,2186800,0.000e+00
P2,opencl,amd-ocl,gpu,gemm,256,ovh,845247500,508926900,1451700,4.415e-04
P2,opencl,amd-ocl,gpu,null,1,ovh,846536100,484639800,244500,-1.000e+00
P2,cpp,serial,cpu,gemm,256,ovh,0,0,2248800,0.000e+00
P2,opencl,amd-ocl,gpu,gemm,256,ovh,820578900,526057100,1444400,4.415e-04
P2,opencl,amd-ocl,gpu,null,1,ovh,835404000,486097000,255500,-1.000e+00
P2,cpp,serial,cpu,gemm,256,ovh,0,0,1949800,0.000e+00
P2,opencl,amd-ocl,gpu,gemm,256,ovh,823324100,538416700,1415600,4.415e-04
P2,opencl,amd-ocl,gpu,null,1,ovh,848612200,520438300,394600,-1.000e+00
P2,cpp,serial,cpu,gemm,256,ovh,0,0,2152000,0.000e+00
P2,opencl,amd-ocl,gpu,gemm,256,ovh,835724500,530206600,1188500,4.415e-04
P2,opencl,amd-ocl,gpu,null,1,ovh,832992800,512352500,326000,-1.000e+00
P2,cpp,serial,cpu,gemm,256,ovh,0,0,1939100,0.000e+00
P2,opencl,amd-ocl,gpu,gemm,256,ovh,845412900,517197100,1064300,4.415e-04
P2,opencl,amd-ocl,gpu,null,1,ovh,832277300,531081700,243900,-1.000e+00
P2,cpp,serial,cpu,gemm,256,ovh,0,0,2154000,0.000e+00
P2,opencl,amd-ocl,gpu,gemm,256,ovh,841009300,520150400,1341300,4.415e-04
P2,opencl,amd-ocl,gpu,null,1,ovh,864379800,563210700,227200,-1.000e+00
P2,cpp,serial,cpu,gemm,256,ovh,0,0,2440400,0.000e+00
P2,opencl,amd-ocl,gpu,gemm,256,ovh,857829400,496303000,1237600,4.415e-04
P2,opencl,amd-ocl,gpu,null,1,ovh,850429700,500123100,294600,-1.000e+00
P2,cpp,serial,cpu,gemm,256,ovh,0,0,1939400,0.000e+00
P2,opencl,amd-ocl,gpu,gemm,256,ovh,837868900,489951700,1318000,4.415e-04
P2,opencl,amd-ocl,gpu,null,1,ovh,828891200,488420500,262000,-1.000e+00
P2,cpp,serial,cpu,gemm,256,ovh,0,0,1956200,0.000e+00
P2,opencl,amd-ocl,gpu,gemm,256,ovh,835573600,508458500,966900,4.415e-04
P2,opencl,amd-ocl,gpu,null,1,ovh,837077800,494298000,225600,-1.000e+00
P2,cpp,serial,cpu,gemm,256,ovh,0,0,1985800,0.000e+00
P2,opencl,amd-ocl,gpu,gemm,256,ovh,829661000,493702800,1167200,4.415e-04
P2,opencl,amd-ocl,gpu,null,1,ovh,831870700,521205600,225200,-1.000e+00
P2,cpp,serial,cpu,gemm,256,ovh,0,0,1956600,0.000e+00
P2,opencl,amd-ocl,gpu,gemm,256,ovh,836088300,486864000,1320900,4.415e-04
P2,opencl,amd-ocl,gpu,null,1,ovh,831183400,493402800,259800,-1.000e+00
P2,cpp,serial,cpu,gemm,256,ovh,0,0,2266700,0.000e+00
P2,opencl,amd-ocl,gpu,gemm,256,ovh,853872900,529399700,1215300,4.415e-04
P2,opencl,amd-ocl,gpu,null,1,ovh,842346900,497725000,264100,-1.000e+00
P2,cpp,serial,cpu,gemm,256,ovh,0,0,2198600,0.000e+00
P2,opencl,amd-ocl,gpu,gemm,256,ovh,829386200,486781600,1458800,4.415e-04
P2,opencl,amd-ocl,gpu,null,1,ovh,846524500,484845300,351900,-1.000e+00
P2,cpp,serial,cpu,gemm,256,ovh,0,0,2006400,0.000e+00
P2,opencl,amd-ocl,gpu,gemm,256,ovh,830776500,497989900,1821200,4.415e-04
P2,opencl,amd-ocl,gpu,null,1,ovh,839307600,535852900,259000,-1.000e+00
P2,cpp,serial,cpu,gemm,256,ovh,0,0,1947800,0.000e+00
