model,impl,device,kernel,size,scenario,median,mowcet,pw6,xi,lb,ks,gof,valid
cpp,serial,cpu,conv,512,intf,4511.6,9361.7,53152.60174816345,0.38520689703868893,0.0,0.03479508043637821,0.9227893765650605,False
cpp,serial,cpu,conv,512,iso,4383.4,6127.9,10677.852244102884,0.2898685992495247,0.0,1.0697285962248264e-09,0.7467883645206002,False
cpp,serial,cpu,conv,1024,intf,18033.6,25660.5,40579.211948311306,0.13964710339290165,0.0,9.967579934511887e-07,0.7524949120549207,False
cpp,serial,cpu,conv,1024,iso,17888.9,23329.4,136285.92090634882,0.4882328864828287,0.0,0.9693924821629614,0.9864889847743283,False
cpp,serial,cpu,gemm,256,intf,4052.4,5693.7,1850416.6848630225,0.9398339617419802,0.0,0.02406614705241275,0.2562684049041351,False
cpp,serial,cpu,gemm,256,iso,3995.05,5545.8,56625.593899349435,0.532088908574649,0.0,7.2923844244552955e-06,0.3506030934689121,False
cpp,serial,cpu,gemm,512,intf,32542.65,40832.6,431798.4990637759,0.4525846164847743,0.0,0.0008634332052136446,0.6572590174122215,False
cpp,serial,cpu,gemm,512,iso,32267.4,34433.8,57899.114128746674,0.3291832348923327,0.0,0.030838962462201636,0.8410323934733847,False
cpp,serial,cpu,kalman,4096,intf,622.3,1064.9,1182.1102092762949,-0.014180988848890677,1.1102230246251565e-16,0.06930076569272504,0.00018394035637011598,False
cpp,serial,cpu,kalman,4096,iso,625.8,1069.5,1470.5942988904342,0.056802300623753944,0.0,4.822737694311826e-13,0.013803600883436986,False
cpp,serial,cpu,kalman,32768,intf,5157.8,7586.9,68740.1985549817,0.47254863441590134,0.0,1.6366493208588368e-13,0.5118387262876771,False
cpp,serial,cpu,kalman,32768,iso,5166.6,6952.4,44163.53151235213,0.4083495175388273,0.0,0.00019131812632264118,0.37849204740409004,False
opencl,nvidia-ocl,gpu,conv,512,intf,25.9,231.1,37461625005773.54,2.7544677985561448,0.08729821562125784,0.09546453231155308,1.1403084018742953e-06,False
opencl,nvidia-ocl,gpu,conv,512,iso,24.8,312.3,21081003723437.844,2.8320848276085053,0.9452880042668188,3.3047954746823815e-28,0.01208837880943513,False
opencl,nvidia-ocl,gpu,conv,1024,intf,47.650000000000006,237.7,264.8588365407522,-0.32952353314718835,1.1527334642380538e-11,7.604676473206696e-63,5.180064415457936e-06,False
opencl,nvidia-ocl,gpu,conv,1024,iso,48.8,1148.3,34053924.128176235,1.3360355197374307,0.9999770308040857,1.071689599280387e-96,0.005700633264284938,False
opencl,nvidia-ocl,gpu,gemm,256,intf,38.5,663.5,3399635246566.1187,2.670010941424967,0.8831320708822532,0.00299005061044668,0.01943595054029537,False
opencl,nvidia-ocl,gpu,gemm,256,iso,37.7,168.8,912574798.8061036,1.9042964385439376,0.9669965003531635,0.3699050405997647,0.1343972284917411,True
opencl,nvidia-ocl,gpu,gemm,512,intf,178.9,376.3,388.6253822771706,-0.5449558138651558,0.0008478391118809103,0.021902713572760964,0.2107926374374265,False
opencl,nvidia-ocl,gpu,gemm,512,iso,177.9,260.1,81794282808.1327,2.2167368502279867,1.674216321134736e-13,2.2605472571128915e-18,0.11679766715952722,False
opencl,nvidia-ocl,gpu,kalman,4096,intf,29.0,346.0,3038512429613.9146,2.57921456412094,0.5218334075461479,0.00299005061044668,0.00012725554780646062,False
opencl,nvidia-ocl,gpu,kalman,4096,iso,28.8,491.7,24723345850.9742,2.121622984002988,0.9943556403832811,0.08150167321107067,0.009562868718487352,False
opencl,nvidia-ocl,gpu,kalman,32768,intf,116.45,266.6,31165.82044969787,0.6907985432267171,0.0,1.0006713779920138e-32,0.23873358083446683,False
opencl,nvidia-ocl,gpu,kalman,32768,iso,112.0,203.6,203.5997693916068,-1.108874994624895,0.10974397138862013,1.3451715776259268e-12,0.0020657166673232474,False
opencl,nvidia-ocl,gpu,null,1,intf,37.0,6005.8,126103365.39632279,1.6799468829381115,0.9999999964131429,0.4463509601028175,0.0011083554034781854,False
opencl,nvidia-ocl,gpu,null,1,iso,35.2,15045.8,796906.3426290845,1.2028081026221105,0.9999999999999974,4.8213783564261036e-05,0.00019262700494371133,False
