label,kernel,size,median_iso,r_med,r_p999,r_e2e
C++ serial,conv,512,4383.4,1.0292467034721906,1.3242818386078414,1.0334568253063552
C++ serial,conv,1024,17888.9,1.0080888148516676,1.1002510763330042,1.0077932169941328
C++ serial,gemm,256,3995.05,1.014355264639992,1.1101914869107423,1.0147767829190408
C++ serial,gemm,512,32267.4,1.0085302813365813,1.1797326940096604,1.0085572052970075
C++ serial,kalman,4096,625.8,0.9944071588366891,0.883841314207212,1.0501519756838906
C++ serial,kalman,32768,5166.6,0.9982967522161575,1.089822300898271,1.0569931095147338
OpenCL NVIDIA dGPU,conv,512,24.8,1.0443548387096773,0.7447037692621286,1.2654224987039917
OpenCL NVIDIA dGPU,conv,1024,48.8,0.9764344262295084,0.3177294821712982,1.430879617326601
OpenCL NVIDIA dGPU,gemm,256,37.7,1.0212201591511936,2.7376948290300853,1.1409174311926604
OpenCL NVIDIA dGPU,gemm,512,177.9,1.0056211354693647,1.4177538650033,1.1943785493494359
OpenCL NVIDIA dGPU,kalman,4096,28.8,1.0069444444444444,0.5553980260359672,1.3964944091870657
OpenCL NVIDIA dGPU,kalman,32768,112.0,1.0397321428571429,1.3161012265784024,1.4905483066469079
OpenCL NVIDIA dGPU,null,1,35.2,1.0511363636363635,1.1935675724728063,
