label,kernel,size,med,med_min,med_max,med_xccd,p999,p999_xccd,e2e,e2e_xccd
C++ serial,conv,512,1.041767948235133,1.0415102068683006,1.0426984705025493,1.0115182540751717,1.0071859803152772,1.1238706734644697,1.0411909992146506,1.0135872616614638
C++ serial,conv,1024,1.0394249612615079,1.0387384689963928,1.0398438765908697,1.0080888148516676,1.0632430598003775,0.8956023164318596,1.039179104477612,1.0077932169941328
C++ serial,gemm,256,1.0376575753460175,1.0325518907459448,1.0416340915577726,1.0207282149188601,1.2239774316190941,1.5055171180671147,1.0393035747360622,1.0204901268082256
C++ serial,gemm,512,1.0710857791239488,1.0630754738472055,1.0768580155546537,1.0188826447892922,1.172409351922924,1.1797326940096604,1.0711084585752266,1.018925757136978
C++ serial,kalman,4096,1.0170637475853186,1.0135124330374992,1.020572163291546,0.9944071588366891,1.3659345616515077,0.883841314207212,1.1209880307997258,1.0501519756838906
C++ serial,kalman,32768,1.0444293558481432,1.043998626575759,1.0468183609141055,1.013549636803874,1.1672043710360414,0.7611381347594156,1.2032196739120258,1.0614887624937877
OpenCL Intel,conv,512,1.0230051268568423,1.018034621207135,1.0299414974035364,1.0035412158174306,1.3214947864399142,1.0575187572172848,1.0957553371314093,1.0021509398672028
OpenCL Intel,conv,1024,1.1039689352791573,1.0997760537471006,1.1093007198355567,1.0064128160488108,1.9381643529587416,1.072817828908242,1.4287750866074265,1.0936881262374754
OpenCL Intel,gemm,256,1.0540553189497823,1.0534319196428572,1.1013138415988157,1.0070227314729254,1.3825072338303803,0.8465338845579199,1.1144984360544519,1.0038891802132495
OpenCL Intel,gemm,512,1.1936833958748083,1.1132806476484194,1.2612295880474935,0.9892681201774075,1.5069391065098208,0.9919335511386966,1.2904190565081468,1.0061083510764135
OpenCL Intel,kalman,4096,1.0253095807082337,1.007496740547588,1.0258358662613982,1.0062947688300412,1.5482787065856347,1.0184608300794098,1.1115037663907745,1.0049898355202365
OpenCL Intel,kalman,32768,1.0458143342308577,1.0365037244574953,1.049370895311046,1.0063357390777368,1.17028473749446,1.0138684393521493,1.7937734361938429,1.1653770128242213
OpenCL Intel,null,1,1.0338983050847457,1.0,1.0526315789473684,1.0535714285714286,2.52965634637633,0.9248122572944669,,
OpenCL NVIDIA dGPU,conv,512,1.7056451612903225,1.6867469879518073,1.814516129032258,1.0443548387096773,2.3276281318434764,0.6494024746678119,1.7347150259067359,1.2731867576446805
OpenCL NVIDIA dGPU,conv,1024,1.3498452012383901,1.3421859039836568,1.4116402116402118,1.0320512820512822,2.254054834187045,0.32086695793085773,2.231745016522759,1.430879617326601
OpenCL NVIDIA dGPU,gemm,256,1.245382585751979,1.2380952380952381,1.266490765171504,1.0212201591511936,2.935828449515155,1.2533795193443606,1.5256741780568897,1.1409174311926604
OpenCL NVIDIA dGPU,gemm,512,1.100896860986547,1.0818844643858665,1.1332024677509815,1.0056211354693647,0.059913412908850786,1.4177538650033,1.5830229226361032,1.1943785493494359
OpenCL NVIDIA dGPU,kalman,4096,1.5921985815602837,1.5602836879432624,1.624113475177305,0.9867549668874173,2.813682740187793,0.9942957649654264,1.6998482549317149,1.2343796711509716
OpenCL NVIDIA dGPU,kalman,32768,1.224245115452931,1.1353018951079772,1.2372881355932204,1.0113835376532399,1.777578958466636,1.3161012265784024,2.2725883337578687,1.4905483066469079
OpenCL NVIDIA dGPU,null,1,1.3260869565217392,1.324022346368715,1.3389355742296918,0.9947089947089949,1.5331364255927187,1.1935675724728063,,
SYCL DPC++ JIT USM,conv,512,1.0481296411964744,1.0243558914462385,1.0681777682739941,1.0088750299832092,1.379233007484213,0.853117364989245,1.117917158253882,1.015137644674034
SYCL DPC++ JIT USM,conv,1024,1.0855827578991422,1.0585748945415199,1.0871285789179956,1.026055442959706,2.207928751859306,1.0842152722479557,1.294326906537818,1.059002428247283
SYCL DPC++ JIT USM,gemm,256,1.0362592536636954,1.0357107031798576,1.0569956117971222,1.002261533822495,1.1801187962516992,0.9301337331935682,1.103348358016742,1.0029911186783858
SYCL DPC++ JIT USM,gemm,512,1.1805302840932212,1.1636128087746613,1.1994668042655658,0.985863357140424,1.3521451313395552,1.0175347727485613,1.2586002237733644,1.0016601433660233
SYCL DPC++ JIT USM,kalman,4096,1.0221273291925466,1.0177065767284992,1.0348101265822784,0.9570063694267517,1.1699300569059357,1.0781471770618718,1.126490984743412,0.9726991274978891
SYCL DPC++ JIT USM,kalman,32768,0.984200789960502,0.9550023075739705,1.0655291588428988,1.015013698630137,1.1723997343923425,1.0668733956044532,1.6467433105290854,1.1345472938796155
SYCL DPC++ JIT USM,null,1,1.018181818181818,0.9732142857142858,1.0275229357798163,0.990990990990991,2.422653466311536,1.248950003978906,,
