kernel,size,impl,ratio,ci_lo,ci_hi,ocl_median_us
conv,512,dpcpp-ocl-jit-usm,0.9286886321869257,0.9280931901456158,0.9294670396241166,1523.6
conv,512,dpcpp-ocl-jit-buf,0.9340049881858755,0.9336440010501444,0.9344757402665617,1523.6
conv,512,dpcpp-ocl-aot-usm,0.9254397479653452,0.9249901561884761,0.9260061716236623,1523.6
conv,1024,dpcpp-ocl-jit-usm,0.9549982796283998,0.9541794748076088,0.9561922780929829,6248.65
conv,1024,dpcpp-ocl-jit-buf,0.9446200379281925,0.944018654521998,0.9456248674023284,6248.65
conv,1024,dpcpp-ocl-aot-usm,0.9416513967016875,0.9397819436694365,0.9465722937401667,6248.65
gemm,256,dpcpp-ocl-jit-usm,0.9415786780780502,0.9385524234812541,0.9452042050423295,1074.95
gemm,256,dpcpp-ocl-jit-buf,0.9300897716172846,0.9280796427242277,0.9331102123074726,1074.95
gemm,256,dpcpp-ocl-aot-usm,1.1467510116749615,1.1462167689161553,1.1475898008561325,1074.95
gemm,512,dpcpp-ocl-jit-usm,0.8534983387104541,0.8515715651076056,0.8550492753217663,10383.5
gemm,512,dpcpp-ocl-jit-buf,0.8523715510184428,0.8506498163890509,0.853780479113981,10383.5
gemm,512,dpcpp-ocl-aot-usm,0.8553377955410025,0.8532247715933645,0.858023701473514,10383.5
kalman,4096,dpcpp-ocl-jit-usm,0.5159609120521172,0.5157369220751031,0.5164094762008259,460.5
kalman,4096,dpcpp-ocl-jit-buf,0.5250814332247556,0.5248534838289559,0.5256410256410257,460.5
kalman,4096,dpcpp-ocl-aot-usm,0.5498371335504886,0.5492835432045159,0.550412863972186,460.5
kalman,32768,dpcpp-ocl-jit-usm,0.5026907249129471,0.5018207302158768,0.5031683932113732,3632.85
kalman,32768,dpcpp-ocl-jit-buf,0.5207344096232985,0.5198629822943407,0.5214439351253848,3632.85
kalman,32768,dpcpp-ocl-aot-usm,0.5286758330236591,0.5276420964081437,0.530940820998342,3632.85
null,1,dpcpp-ocl-jit-usm,1.8983050847457628,1.8983050847457628,1.8983050847457628,5.9
null,1,dpcpp-ocl-jit-buf,2.4745762711864407,2.4745762711864407,2.4915254237288136,5.9
null,1,dpcpp-ocl-aot-usm,1.9830508474576272,1.9661016949152543,1.9830508474576272,5.9
