impl,kernel,size,scenario,xi,lb,ks,gof,valid
dpcpp-ocl-aot-usm,conv,512,intf,0.43875489179807853,0.0,0.22634729051389657,0.15067278532851228,False
dpcpp-ocl-aot-usm,conv,512,iso,0.7653934539095536,0.9999594801008186,0.2919248807417811,0.4899361971112447,True
dpcpp-ocl-aot-usm,conv,1024,intf,0.5242144981251587,5.773159728050814e-15,0.8888778031778077,0.9913367683026096,False
dpcpp-ocl-aot-usm,conv,1024,iso,-0.029354221425777437,0.0,0.025557704697502605,0.021387630264795177,False
dpcpp-ocl-aot-usm,gemm,256,intf,0.13778250083016025,0.0,0.2919248807417811,0.6707929424166041,False
dpcpp-ocl-aot-usm,gemm,256,iso,0.29405490130001255,0.0,0.9026912216773312,0.1449249238129297,False
dpcpp-ocl-aot-usm,gemm,512,intf,0.4153605262991371,0.0,0.021902713572760964,0.542040468731327,False
dpcpp-ocl-aot-usm,gemm,512,iso,0.5396918562417481,4.2074697093053004e-07,0.04283167282545192,0.40499540638933007,False
dpcpp-ocl-aot-usm,kalman,4096,intf,1.7684546664134522,0.07559937882153756,1.60136021127656e-20,3.220702774054334e-05,False
dpcpp-ocl-aot-usm,kalman,4096,iso,1.7266245214825338,0.9999994033828968,1.0035067447791055e-15,0.0390700192821777,False
dpcpp-ocl-aot-usm,kalman,32768,intf,0.3271174273742472,0.0,0.4011233148855002,0.9902793341776583,False
dpcpp-ocl-aot-usm,kalman,32768,iso,0.19701284963253468,0.0,0.16422053981533355,0.10689874401508481,False
dpcpp-ocl-aot-usm,null,1,intf,1.1985174173783881,0.0,0.0,4.850477880659786e-20,False
dpcpp-ocl-aot-usm,null,1,iso,1.2796110626078372,0.9999999999991744,0.0,4.0730424895189105e-13,False
dpcpp-ocl-jit-buf,conv,512,intf,0.44942062685490725,0.0,0.9026912216773312,0.38156752949845874,False
dpcpp-ocl-jit-buf,conv,512,iso,0.3916750307373238,0.0,4.575187652931717e-05,0.05210071591250097,False
dpcpp-ocl-jit-buf,conv,1024,intf,-0.01388735447025319,0.0,0.9693924821629614,0.9713156533931652,False
dpcpp-ocl-jit-buf,conv,1024,iso,0.6428295203172363,0.0,0.3415239831286337,0.7372320254519494,False
dpcpp-ocl-jit-buf,gemm,256,intf,0.27015928017053525,0.0,0.4599232291065006,0.7586730557784651,False
dpcpp-ocl-jit-buf,gemm,256,iso,0.3521448865881962,0.0,0.06930076569272504,0.12513747197649336,False
dpcpp-ocl-jit-buf,gemm,512,intf,-0.14979487485613313,0.0,0.9511113939522167,0.6052431820754531,False
dpcpp-ocl-jit-buf,gemm,512,iso,0.626598381276602,6.567988048433726e-06,0.8164826980883894,0.9400755331021423,False
dpcpp-ocl-jit-buf,kalman,4096,intf,2.1686435579481937,0.3100928763699109,8.166923754298366e-05,0.0007547450222843931,False
dpcpp-ocl-jit-buf,kalman,4096,iso,2.0495957042131825,0.293205242407763,0.22634729051389657,0.010060271965597183,False
dpcpp-ocl-jit-buf,kalman,32768,intf,0.3356708126323676,0.0,0.9693924821629614,0.7346827718597049,False
dpcpp-ocl-jit-buf,kalman,32768,iso,0.7439972060944975,0.0,4.5614472364904506e-08,0.9520603206060471,False
dpcpp-ocl-jit-buf,null,1,intf,1.3078255878952927,0.358278043084977,0.3857943719884363,5.956862323219433e-18,False
dpcpp-ocl-jit-buf,null,1,iso,1.2307951442943532,2.8857757627953617e-08,2.1854713995297756e-37,1.5384432628849138e-12,False
dpcpp-ocl-jit-usm,conv,512,intf,0.4888337548475456,0.0,0.01637912818629415,0.13082759095936566,False
dpcpp-ocl-jit-usm,conv,512,iso,0.19884988108971235,0.0,0.5600220048872044,0.47507787970700244,False
dpcpp-ocl-jit-usm,conv,1024,intf,0.05233161745379108,0.0,0.8888778031778077,0.1870744337981496,False
dpcpp-ocl-jit-usm,conv,1024,iso,0.12932470583924757,0.0,0.10830131660344453,0.8330356705607495,False
dpcpp-ocl-jit-usm,gemm,256,intf,-0.03373236586325232,0.0,0.8191511303355717,0.8973169966571894,False
dpcpp-ocl-jit-usm,gemm,256,iso,-0.06810430424637556,0.0,0.028995961061089214,0.024361650404619725,False
dpcpp-ocl-jit-usm,gemm,512,intf,0.5115085328503604,0.0,0.9511113939522167,0.8016947096710308,False
dpcpp-ocl-jit-usm,gemm,512,iso,0.2797284499226124,0.0,0.3617268879273219,0.46690824983789914,False
dpcpp-ocl-jit-usm,kalman,4096,intf,2.391851057626222,0.39785240088155016,0.00024780650250526786,0.0001669073559471206,False
dpcpp-ocl-jit-usm,kalman,4096,iso,2.269563137751392,0.14034776372935898,0.9026912216773312,0.0013264007048248492,False
dpcpp-ocl-jit-usm,kalman,32768,intf,0.437549692088104,0.0,0.19973993565508683,0.9937436575848257,False
dpcpp-ocl-jit-usm,kalman,32768,iso,0.4836493706399073,0.0,0.16422053981533355,0.5178870887037543,False
dpcpp-ocl-jit-usm,null,1,intf,1.1289944371511527,0.04811305638605479,1.7851005149315403e-28,2.744879215184457e-27,False
dpcpp-ocl-jit-usm,null,1,iso,1.1395788399482618,2.2866192627257753e-05,7.164079470647069e-06,5.1299229157937625e-05,False
intel-ocl,conv,512,intf,0.4613190873007637,0.0,0.3699050405997647,0.05630081542158683,False
intel-ocl,conv,512,iso,0.30905514932696915,0.0,0.3293581065813255,0.44381031756425926,False
intel-ocl,conv,1024,intf,0.27201093780857427,0.0,0.2881115627437688,0.9972361620029816,False
intel-ocl,conv,1024,iso,1.0333764176107405,0.0,0.9363359992328345,0.9641441317977425,False
intel-ocl,gemm,256,intf,-0.05037702169217413,0.0,0.9603008958861495,0.8018304190727933,False
intel-ocl,gemm,256,iso,0.4323246635776037,0.0,0.3293581065813255,0.3580694103455254,False
intel-ocl,gemm,512,intf,-0.3971273525200655,1.1102230246251565e-16,0.7249566931207618,0.9992445809645263,False
intel-ocl,gemm,512,iso,0.17492428079397357,0.0,0.6279165272026672,0.9437828592665235,False
intel-ocl,kalman,4096,intf,-0.2161748003838387,3.234967849152781e-12,1.1893503543157425e-07,6.90630048790732e-11,False
intel-ocl,kalman,4096,iso,-0.5773852062307514,0.0,0.3699050405997647,4.308419006256826e-07,False
intel-ocl,kalman,32768,intf,-0.4458717706165987,0.0,0.00040888636357191906,0.15233758618518523,False
intel-ocl,kalman,32768,iso,-1.0825952824201206,0.0,0.6862937345507706,0.01850811176694578,False
intel-ocl,null,1,intf,0.4954111287307201,0.2695665778532582,1.478031780953216e-70,0.00043355882044052364,False
intel-ocl,null,1,iso,1.2947238999325696,0.13731783698796052,4.79177374876408e-134,1.4610379602761634e-13,False
