platform,model,impl,device,kernel,size,scenario,n,min,median,mean,std,cov,p99,p999,max,iqr,e2e_median,tail999,maxmed,label,family,gflops
P1,cpp,serial,cpu,conv,512,intf,1000.0,5073.646,5169.619000000001,5415.944176000001,840.767080914134,0.15523924427431798,9653.18218,11928.631233000013,12077.715,132.8755000000001,5166.118,2.3074488145064485,2.3362872583066565,C++ serial,Native,2.5354286263649213
P1,cpp,serial,cpu,conv,512,iso,1000.0,5064.006,5150.977,5390.605829,805.8912767862672,0.14949920330861335,9449.46243,9975.947938000125,11358.502,130.92324999999983,5153.727000000001,1.9367098587316784,2.2051160391514077,C++ serial,Native,2.544604644905229
P1,cpp,serial,cpu,conv,1024,intf,500.0,21067.442,21526.5945,22096.198335999998,2454.6621773610464,0.11108979653580561,34921.87026999999,47737.54384800044,54352.711,467.62274999999863,21517.9375,2.217607798948433,2.5249098736913544,C++ serial,Native,2.435536192220279
P1,cpp,serial,cpu,conv,1024,iso,500.0,20984.76,21467.9865,22092.492141999996,2107.796598187747,0.09540782382720049,33231.121289999995,37391.92585600008,38580.472,554.5594999999994,21428.9095,1.741752812076721,1.7971164645552578,C++ serial,Native,2.442185251048113
P1,cpp,serial,cpu,gemm,256,intf,1000.0,2133.774,2170.824,2219.7211050000005,341.90261379015,0.15402953687289914,3064.72648,6708.469784000149,8357.603,42.16100000000006,2169.8199999999997,3.090287275246703,3.849968030572722,C++ serial,Native,15.457002502275634
P1,cpp,serial,cpu,gemm,256,iso,1000.0,2135.073,2182.4719999999998,2226.2919129999996,141.83962332947618,0.0637111523880724,2811.21166,3483.492321000021,3718.578,62.36025000000018,2184.7725,1.5961223424630517,1.7038376666458952,C++ serial,Native,15.374507439270701
P1,cpp,serial,cpu,gemm,512,intf,300.0,17743.13,17983.833,18400.171266666668,1252.1469101173511,0.06805082909123308,23511.05552999999,27063.21940200007,28066.963,432.73999999999796,18001.654000000002,1.5048638075097824,1.5606774707038262,C++ serial,Native,14.926487362288118
P1,cpp,serial,cpu,gemm,512,iso,300.0,17713.292,17981.612999999998,18174.26638,830.7825371256781,0.045712025990766736,21877.787139999993,26065.041564000087,27265.456,200.7087500000016,17970.2195,1.4495385683142046,1.5162964523816636,C++ serial,Native,14.928330178165888
P1,cpp,serial,cpu,kalman,4096,intf,1000.0,407.725,433.28700000000003,435.979914,49.57932949100241,0.11371929737800354,496.14126999999996,687.9120490001051,1853.794,26.515999999999963,469.505,1.587659101242606,4.278443618202254,C++ serial,Native,9.453318470205659
P1,cpp,serial,cpu,kalman,4096,iso,1000.0,406.826,448.355,508.88301499999994,152.99538159791317,0.3006494166403121,839.70197,1823.414373000091,2833.776,93.61249999999995,484.07050000000004,4.066898714188737,6.320384516733392,C++ serial,Native,9.13561798128715
P1,cpp,serial,cpu,kalman,32768,intf,500.0,3355.443,3518.9455,3717.2113719999998,792.8529671087318,0.21329240868058225,8006.868009999998,9972.56267800003,10407.53,145.09375,4287.112,2.8339633785178058,2.957570669963488,C++ serial,Native,9.311880505111546
P1,cpp,serial,cpu,kalman,32768,iso,500.0,3352.01,3535.36,3688.659976,543.3204832365556,0.1472948135018221,6849.435049999999,7174.003988000005,7243.858,112.61024999999972,4101.9265,2.0292145603276626,2.04897323044895,C++ serial,Native,9.268645908761767
P1,opencl,intel-ocl,cpu,conv,512,intf,1000.0,3732.364,3923.4175,3985.50298,310.83566023037713,0.0779915764183865,5235.534669999999,6327.1350160003485,10191.283,59.534999999999854,4266.375,1.6126591207793584,2.597552516396738,OpenCL Intel,OpenCL,3.340760956487552
P1,opencl,intel-ocl,cpu,conv,512,iso,1000.0,3739.764,3939.361,4057.927079,337.62428709954236,0.083201171565346,5234.61082,6685.58518400003,7022.432,142.2542499999995,4195.523499999999,1.697124275739144,1.7826322593943535,OpenCL Intel,OpenCL,3.3272401285386133
P1,opencl,intel-ocl,cpu,conv,1024,intf,500.0,15457.029,16948.983,17322.292252,1575.852715794559,0.09097252793507245,24110.78041,28823.229246000185,31570.347,710.4799999999959,18985.388,1.7005875364911385,1.8626691052790603,OpenCL Intel,OpenCL,3.0933301425814164
P1,opencl,intel-ocl,cpu,conv,1024,iso,500.0,16779.413,17505.9575,17865.867166,1396.121959797962,0.07814465129657296,24217.093699999994,27036.04556400005,27807.282,597.4160000000011,19390.6305,1.5443911345037853,1.5884467901855697,OpenCL Intel,OpenCL,2.994911875000268
P1,opencl,intel-ocl,cpu,gemm,256,intf,1000.0,1719.013,1820.252,1867.2574100000002,201.0239709760079,0.10765734274205284,2726.3130699999997,2928.440911000013,3073.207,86.31025,1937.9470000000001,1.6088107091765387,1.688341504363132,OpenCL Intel,OpenCL,18.433948706003346
P1,opencl,intel-ocl,cpu,gemm,256,iso,1000.0,1772.203,1861.312,1937.7189079999998,249.9727371414281,0.129003611467793,2808.39792,3734.57338100001,3850.838,72.5652500000001,1970.1745,2.0064198699626985,2.0688836691538013,OpenCL Intel,OpenCL,18.027301172506274
P1,opencl,intel-ocl,cpu,gemm,512,intf,300.0,14290.205,14944.444,15255.337039999999,1213.6207798491935,0.07955384903440937,20916.74743,21277.46944500001,21411.405,409.3962500000016,15524.575499999999,1.4237712319708924,1.432733462683523,OpenCL Intel,OpenCL,17.962224355753886
P1,opencl,intel-ocl,cpu,gemm,512,iso,300.0,14214.771,14711.7625,15173.866096666667,1391.43856078307,0.0916996731036618,21456.147739999997,22710.989082000022,23011.688,420.6790000000001,15244.472,1.5437299971366463,1.5641693508850485,OpenCL Intel,OpenCL,18.24631521885974
P1,opencl,intel-ocl,cpu,kalman,4096,intf,1000.0,551.178,589.239,589.288917,30.31927629299621,0.051450613473859395,686.0357,790.9146020000067,864.443,31.656499999999937,723.082,1.3422645174538796,1.4670498728020378,OpenCL Intel,OpenCL,6.951338930383088
P1,opencl,intel-ocl,cpu,kalman,4096,iso,1000.0,557.789,596.9645,639.608804,213.91687379342272,0.33444954549659817,1172.0202,2731.387562000202,4971.707,70.02999999999997,725.576,4.575460621193055,8.328312655107633,OpenCL Intel,OpenCL,6.861379529268491
P1,opencl,intel-ocl,cpu,kalman,32768,intf,500.0,4624.383,4890.6939999999995,5089.563708000001,546.6632578933505,0.1074086678655935,6975.378009999999,8439.310809000077,9584.171,375.8972499999991,7523.077499999999,1.725585532237363,1.959675048162899,OpenCL Intel,OpenCL,6.700071605379524
P1,opencl,intel-ocl,cpu,kalman,32768,iso,500.0,4599.57,4806.896,4995.606744000001,556.2284346688389,0.11134351905039361,6895.92725,8111.882267000016,8361.266,210.67525000000023,7169.377,1.6875510239872085,1.7394314335071948,OpenCL Intel,OpenCL,6.816873092324028
P1,opencl,pocl,cpu,conv,512,intf,1000.0,7207.898,7315.2919999999995,7559.35034,1036.9610336663209,0.1371759459512391,14189.79254,16360.231230000147,17979.84,132.87575000000015,7611.508,2.236442677886289,2.4578431045541316,OpenCL PoCL,OpenCL,1.7917534939138453
P1,opencl,pocl,cpu,conv,512,iso,1000.0,7210.913,7343.148499999999,7635.986776000001,1200.2889575102784,0.15718845418679891,15215.118489999997,17323.221076000034,17704.915,179.58175000000028,7562.856,2.3590999250525897,2.411079525356188,OpenCL PoCL,OpenCL,1.7849564120894466
P1,opencl,pocl,cpu,conv,1024,intf,500.0,29306.57,29870.4625,31068.194013999997,4161.716489748381,0.13395424555006388,54517.59839999997,59806.563111000025,60213.553,1065.2510000000002,31381.6675,2.0021974253328025,2.0158225872799926,OpenCL PoCL,OpenCL,1.7552054977387779
P1,opencl,pocl,cpu,conv,1024,iso,500.0,29229.494,29654.817000000003,30340.329493999998,2700.6362371608952,0.08901143402859102,44781.59185999996,56624.48981600013,58606.925,632.2047500000008,30982.325,1.9094533551159707,1.976303714839987,OpenCL PoCL,OpenCL,1.7679690958807803
P1,opencl,pocl,cpu,gemm,256,intf,1000.0,23937.152,24437.7595,25626.211049999998,4045.9485569433405,0.15788321375521258,45280.10560999999,55405.51830500023,57939.287,777.5105000000003,24623.7295,2.2672094102980362,2.3708919387638625,OpenCL PoCL,OpenCL,1.3730568058008754
P1,opencl,pocl,cpu,gemm,256,iso,1000.0,23954.333,24521.0925,25320.73816,3029.8269407337925,0.11965792314538876,40396.976749999994,54071.19994900007,54842.377,822.8887500000019,24620.5545,2.205089351096411,2.236538889937306,OpenCL PoCL,OpenCL,1.3683905804767875
P1,opencl,pocl,cpu,gemm,512,intf,300.0,194435.987,199313.044,203994.45265666663,14297.617462341637,0.07008826600988645,259525.84241999994,275032.4124150001,276162.607,7127.270749999996,199549.623,1.3799017209079407,1.3855721705800652,OpenCL PoCL,OpenCL,1.3468032528769165
P1,opencl,pocl,cpu,gemm,512,iso,300.0,192735.142,198109.627,203075.15924666668,13830.487583618708,0.06810526523738636,261102.84943,266902.58584000013,268306.642,8031.430999999982,198736.3825,1.3472469252592159,1.3543341939662528,OpenCL PoCL,OpenCL,1.354984409717757
P1,opencl,pocl,cpu,kalman,4096,intf,1000.0,939.29,986.2764999999999,1012.8485789999999,143.41533287130892,0.141596025156006,1630.4777299999996,2131.9577550001973,4322.52,31.00075000000004,1087.534,2.161622785294182,4.382665510128246,OpenCL PoCL,OpenCL,4.1529936077763185
P1,opencl,pocl,cpu,kalman,4096,iso,1000.0,936.765,987.0195000000001,1013.4335859999999,117.61556807629046,0.11605651292899866,1779.9250499999998,1966.241814000028,2276.745,25.88900000000001,1082.6915,1.9921002715752096,2.306686949953876,OpenCL PoCL,OpenCL,4.1498673531779255
P1,opencl,pocl,cpu,kalman,32768,intf,500.0,7612.831,8093.2035,8411.819683999998,1197.7782374071724,0.14239228637835036,15757.388969999996,16704.84460000001,16900.253,478.1322500000015,10001.306,2.0640583917110216,2.0882031447745013,OpenCL PoCL,OpenCL,4.048829366517227
P1,opencl,pocl,cpu,kalman,32768,iso,500.0,7601.96,7999.5495,8187.402279999999,792.4524368919244,0.09678923910062527,11592.563689999995,15095.86371500002,15390.381,391.8587499999994,9613.712500000001,1.887089231087328,1.9239059649546515,OpenCL PoCL,OpenCL,4.096230668989548
P1,sycl,acpp-ocl-jit-buf,cpu,conv,512,intf,1000.0,3763.849,3915.9255000000003,4136.3686959999995,599.8982228014081,0.14503016217619305,6691.602579999998,8894.163624000095,9960.72,211.1637499999997,4394.929,2.271280090492042,2.5436438972089737,SYCL→OCL Intel buf,SYCL,3.3471525441431402
P1,sycl,acpp-ocl-jit-buf,cpu,conv,512,iso,1000.0,3783.834,3903.2515000000003,4102.535715,511.06908552780413,0.1245739515829673,6228.766680000001,7957.999894000002,7984.867,154.3397500000001,4199.521000000001,2.0388129983425363,2.045696261181223,SYCL→OCL Intel buf,SYCL,3.358020870548567
P1,sycl,acpp-ocl-jit-buf,cpu,conv,1024,intf,500.0,16264.555,23773.025999999998,22520.044528000002,4044.9384158057933,0.17961502743818167,31755.181229999987,39763.430979000135,41855.977,7858.9130000000005,26893.3275,1.6726280860922011,1.7606499483910885,SYCL→OCL Intel buf,SYCL,2.2053902603732487
P1,sycl,acpp-ocl-jit-buf,cpu,conv,1024,iso,500.0,15702.231,23382.519,22270.507553999996,3965.1838689068504,0.1780464077566416,33158.55534,34421.83236400001,34570.217,7498.4000000000015,25908.0295,1.472118224901261,1.478464189422876,SYCL→OCL Intel buf,SYCL,2.242222063414126
P1,sycl,acpp-ocl-jit-buf,cpu,gemm,256,intf,1000.0,1802.957,1871.8485,1983.068808,347.223023653101,0.17509378507309012,3339.7476699999997,5085.943248000076,5925.351,90.07275000000004,2094.3435,2.717069916716057,3.165507785485844,SYCL→OCL Intel buf,SYCL,17.925826796345966
P1,sycl,acpp-ocl-jit-buf,cpu,gemm,256,iso,1000.0,1806.648,1880.9405000000002,1915.904066,129.71055679635356,0.06770201029280218,2517.1269899999998,3060.7609330000046,3109.645,85.02225000000021,2076.2165,1.6272502681504302,1.6532394299553865,SYCL→OCL Intel buf,SYCL,17.839177794300245
P1,sycl,acpp-ocl-jit-buf,cpu,gemm,512,intf,300.0,14765.206,20752.161500000002,19922.089883333334,4013.4529486002234,0.2014574260081944,29768.325589999993,37782.477247000126,39510.801,6957.173999999999,22333.3715,1.8206526219931414,1.903936657393496,SYCL→OCL Intel buf,SYCL,12.935301028762712
P1,sycl,acpp-ocl-jit-buf,cpu,gemm,512,iso,300.0,14735.456,19861.433,19506.620466666667,5096.668197823948,0.26127889280120276,32372.501049999966,60367.33582200044,66280.486,6579.586000000001,21507.5995,3.039424991238066,3.337145210015813,SYCL→OCL Intel buf,SYCL,13.515412306856208
P1,sycl,acpp-ocl-jit-buf,cpu,kalman,4096,intf,1000.0,394.017,441.023,456.93994799999996,87.5036310374377,0.19149919244407518,644.2358099999999,1739.672398000038,2160.649,48.244500000000016,661.2165,3.944629640631073,4.899175326456897,SYCL→OCL Intel buf,SYCL,9.287497477455824
P1,sycl,acpp-ocl-jit-buf,cpu,kalman,4096,iso,1000.0,392.725,434.0705,439.226816,28.650988635506735,0.06523050868439402,518.99432,564.3794380000071,642.739,38.62325000000004,659.298,1.30020224364477,1.480724905286123,SYCL→OCL Intel buf,SYCL,9.436255170531055
P1,sycl,acpp-ocl-jit-buf,cpu,kalman,32768,intf,500.0,3008.473,3236.2815,3363.2186100000004,353.3342666631113,0.1050583704587408,4786.47088,5699.867545,5699.89,268.4540000000002,6047.469,1.7612397268284603,1.7612466653472512,SYCL→OCL Intel buf,SYCL,10.125200789857125
P1,sycl,acpp-ocl-jit-buf,cpu,kalman,32768,iso,500.0,2931.604,3221.161,3380.0744839999998,485.2840971663701,0.14357201282501977,5673.199129999998,6145.781784000002,6169.626,193.82025000000021,5279.9310000000005,1.9079399582945409,1.9153423253292834,SYCL→OCL Intel buf,SYCL,10.172729646236249
P1,sycl,acpp-ocl-jit-usm,cpu,conv,512,intf,1000.0,3775.927,3942.7235,4244.290916,719.8282444375081,0.16959917656066442,7393.7405,8920.938360000124,10294.923,340.6374999999998,4424.101000000001,2.262633522234091,2.6111196993651724,SYCL→OCL Intel USM,SYCL,3.3244025354555045
P1,sycl,acpp-ocl-jit-usm,cpu,conv,512,iso,1000.0,3781.534,3887.974,4036.696153,565.023683320624,0.13997181405410178,5789.479899999999,12622.267892000105,13798.982,93.18449999999984,4185.6855,3.246489789283597,3.5491446187654545,SYCL→OCL Intel USM,SYCL,3.371215959777509
P1,sycl,acpp-ocl-jit-usm,cpu,conv,1024,intf,500.0,16454.256,24700.2615,23749.613788,4325.756123135789,0.18214006180266684,37654.802169999995,42244.18994100016,44603.682,7294.936749999997,27149.0805,1.7102729839925037,1.8057979669567465,SYCL→OCL Intel USM,SYCL,2.122601009709958
P1,sycl,acpp-ocl-jit-usm,cpu,conv,1024,iso,500.0,15733.529,22676.575,21800.952557999997,3685.135666763077,0.1690355344317647,30088.566789999983,33894.50501400001,34050.699,6445.709999999999,24879.0255,1.494692431021881,1.501580331244908,SYCL→OCL Intel USM,SYCL,2.312024633349613
P1,sycl,acpp-ocl-jit-usm,cpu,gemm,256,intf,1000.0,1792.232,1868.924,1947.49673,327.79290121926505,0.16831499440785455,3199.7491099999993,6075.221848000082,6988.156,78.25624999999991,2077.614,3.2506521656311773,3.7391333194929275,SYCL→OCL Intel USM,SYCL,17.95387720420948
P1,sycl,acpp-ocl-jit-usm,cpu,gemm,256,iso,1000.0,1794.98,1873.533,1962.741534,258.1066232627573,0.13150311377817783,3072.5141299999996,3908.700691000029,4235.065,120.45124999999985,2077.824,2.0862726682690025,2.2604699250026554,SYCL→OCL Intel USM,SYCL,17.909709623476076
P1,sycl,acpp-ocl-jit-usm,cpu,gemm,512,intf,300.0,14827.469,20513.891499999998,19481.009306666663,4040.620782051186,0.20741331819334594,31277.54520999997,41323.01818700012,42969.099,6732.5347500000025,21535.2355,2.014391963952823,2.0946342140885363,SYCL→OCL Intel USM,SYCL,13.085545275502703
P1,sycl,acpp-ocl-jit-usm,cpu,gemm,512,iso,300.0,14756.226,20843.667999999998,19739.61646,3847.509254303826,0.19491307047937576,31808.065619999994,34940.21490900007,35815.57,6520.312249999999,21861.5945,1.6762987641618583,1.718294975721164,SYCL→OCL Intel USM,SYCL,12.878513321167851
P1,sycl,acpp-ocl-jit-usm,cpu,kalman,4096,intf,1000.0,375.567,431.1115,442.750948,47.86518412678245,0.10810859771842307,648.6065299999999,732.027179000005,788.15,36.18649999999997,652.9135,1.6979996567013524,1.8281813405580691,SYCL→OCL Intel USM,SYCL,9.501022357325192
P1,sycl,acpp-ocl-jit-usm,cpu,kalman,4096,iso,1000.0,389.053,435.5155,444.441311,45.17049027653011,0.101634319669555,623.82171,767.5562050000077,852.676,39.129999999999995,653.3675000000001,1.7624084676664957,1.9578545424904512,SYCL→OCL Intel USM,SYCL,9.404946551844883
P1,sycl,acpp-ocl-jit-usm,cpu,kalman,32768,intf,500.0,2951.866,3259.9755,3456.84084,521.668897902649,0.15090914567609914,5580.783899999999,6246.2921440000155,6480.395,392.17724999999973,6097.6685,1.9160549347686864,1.9878661664788586,SYCL→OCL Intel USM,SYCL,10.051609283566702
P1,sycl,acpp-ocl-jit-usm,cpu,kalman,32768,iso,500.0,2907.356,3246.469,3486.300858,611.9569675590449,0.1755318868005295,5980.50167,7439.905762,7440.785,291.3707500000005,5754.995,2.291691607712872,2.2919624367274105,SYCL→OCL Intel USM,SYCL,10.093427659404725
P1,sycl,acpp-omp-aot-usm,cpu,conv,512,intf,1000.0,5058.059,5161.6720000000005,5297.3502180000005,581.2973747808238,0.10973361225120037,8795.255109999998,10655.996574000043,11128.098,86.4617500000004,5507.626,2.0644466703812334,2.1559095579881866,SYCL OMP AOT USM,SYCL,2.539332216382598
P1,sycl,acpp-omp-aot-usm,cpu,conv,512,iso,1000.0,5049.685,5173.5515,5355.390467,621.0876849079534,0.11597430453206081,8228.721409999998,11124.705348000105,12288.888,179.35974999999962,5393.894,2.150303393713217,2.375329210504622,SYCL OMP AOT USM,SYCL,2.5335014061423764
P1,sycl,acpp-omp-aot-usm,cpu,conv,1024,intf,500.0,20474.488,21144.6455,22185.080076000002,3235.0947380902116,0.14582299126294176,40276.896179999996,44433.548490000096,45865.923,759.6224999999977,22789.754,2.101409006360504,2.169150719504851,SYCL OMP AOT USM,SYCL,2.4795308107671987
P1,sycl,acpp-omp-aot-usm,cpu,conv,1024,iso,500.0,20212.874,20784.9015,21545.877776,2708.3861148580113,0.1257032153906901,32454.481039999995,49977.93910000011,51689.559,766.4664999999986,22136.192499999997,2.4045309572431752,2.486880151921817,SYCL OMP AOT USM,SYCL,2.5224464017787143
P1,sycl,acpp-omp-aot-usm,cpu,gemm,256,intf,1000.0,3941.923,4211.931500000001,4448.850503000001,770.43106045843,0.1731753089790057,8138.90706,8374.07280100004,8819.428,120.88625000000047,4361.857,1.9881787728504225,2.093915345014514,SYCL OMP AOT USM,SYCL,7.966518923681449
P1,sycl,acpp-omp-aot-usm,cpu,gemm,256,iso,1000.0,3942.929,4238.5885,4430.79887,763.0881911755027,0.17222361329515795,8341.37775,8913.329412000534,14835.813,146.46399999999994,4376.1375,2.102900390542874,3.5001777124625333,SYCL OMP AOT USM,SYCL,7.9164165146015
P1,sycl,acpp-omp-aot-usm,cpu,gemm,512,intf,300.0,32388.121,34996.6525,35784.889599999995,3131.180855877261,0.08750008427795349,50726.32934,55775.621006000125,57441.89,1125.8002500000002,35600.8035,1.5937416016003283,1.6413538409137847,SYCL OMP AOT USM,SYCL,7.670318068278101
P1,sycl,acpp-omp-aot-usm,cpu,gemm,512,iso,300.0,31744.742,34171.407,34920.75436666667,3265.73335534112,0.0935184080232356,51395.38452999999,58330.17535900011,59805.459,1343.385000000002,34807.2195,1.706987814666224,1.7501608581701071,SYCL OMP AOT USM,SYCL,7.855557601125409
P1,sycl,acpp-omp-aot-usm,cpu,kalman,4096,intf,1000.0,467.444,514.6635,537.572551,112.93573510303398,0.21008463860915022,948.95025,1227.9262850001196,2554.883,33.93475000000001,636.0515,2.3858818140398914,4.9641814505983035,SYCL OMP AOT USM,SYCL,7.958598190856744
P1,sycl,acpp-omp-aot-usm,cpu,kalman,4096,iso,1000.0,457.904,515.635,535.065157,203.53972733209793,0.380401759803055,803.5736799999995,3568.9058810000947,4615.739,39.03049999999996,638.453,6.921380203050791,8.951562636360991,SYCL OMP AOT USM,SYCL,7.943603517992378
P1,sycl,acpp-omp-aot-usm,cpu,kalman,32768,intf,500.0,3677.414,3893.37,4158.235917999999,818.4808437143816,0.1968336717431966,7309.303759999995,8960.326618000005,9045.964,191.17750000000024,5659.929,2.3014320801773285,2.323427775937042,SYCL OMP AOT USM,SYCL,8.416359092508547
P1,sycl,acpp-omp-aot-usm,cpu,kalman,32768,iso,500.0,3650.377,3848.7525,3904.7468360000003,412.8780559304829,0.10573747115278612,6276.26335,7992.19763100008,9202.837,106.34150000000045,5247.8405,2.0765683506539014,2.3911220583812547,SYCL OMP AOT USM,SYCL,8.513927564840815
P1,sycl,acpp-omp-jit-buf,cpu,conv,512,intf,1000.0,6919.823,7204.0419999999995,7358.661061,597.5821016285947,0.08120799377426234,10350.141969999999,12059.805800000144,13652.012,150.34499999999935,7574.3330000000005,1.674033244114921,1.8950489183711035,SYCL OMP JIT buf,SYCL,1.819423040565283
P1,sycl,acpp-omp-jit-buf,cpu,conv,512,iso,1000.0,6913.79,7161.8305,7287.417949,476.2388883043086,0.06535084053600348,9419.886279999999,10843.431569000033,11202.641,128.62574999999924,7456.343500000001,1.5140586710338975,1.5642147632508197,SYCL OMP JIT buf,SYCL,1.8301466363941454
P1,sycl,acpp-omp-jit-buf,cpu,conv,1024,intf,500.0,27954.874,29027.122,30069.297028,4497.147440227249,0.14955944716764027,46748.15049999998,80502.40858300097,95046.304,686.7672499999971,30664.226000000002,2.773351370590614,3.27439640760803,SYCL OMP JIT buf,SYCL,1.8062004217986198
P1,sycl,acpp-omp-jit-buf,cpu,conv,1024,iso,500.0,27739.556,28928.360999999997,29449.807576000003,1689.6613971161007,0.05737427630912886,38317.56448999999,41159.95879300007,42198.025,769.922499999997,30445.052499999998,1.422823740100591,1.4587077712422079,SYCL OMP JIT buf,SYCL,1.812366763537001
P1,sycl,acpp-omp-jit-buf,cpu,gemm,256,intf,1000.0,1439.011,1511.4385000000002,1524.134014,96.0508027463593,0.06301991941921145,1817.1108,3162.7599150000074,3244.593,53.13400000000024,1642.353,2.0925495248400825,2.1466920420513302,SYCL OMP JIT buf,SYCL,22.200329024303667
P1,sycl,acpp-omp-jit-buf,cpu,gemm,256,iso,1000.0,1439.857,1512.558,1551.911003,156.3663512768288,0.10075729276650332,2184.00483,3012.5450030000156,3186.374,71.19724999999971,1630.249,1.991688915730845,2.10661277121274,SYCL OMP JIT buf,SYCL,22.18389774144198
P1,sycl,acpp-omp-jit-buf,cpu,gemm,512,intf,300.0,11846.208,12845.444500000001,13319.708949999998,1648.2950667316354,0.12374857986154687,20865.651689999988,24697.92824300004,25233.48,755.0509999999995,13405.252,1.9226993852178518,1.964391345118497,SYCL OMP JIT buf,SYCL,20.897327141929573
P1,sycl,acpp-omp-jit-buf,cpu,gemm,512,iso,300.0,12077.581,12935.393499999998,13293.64411,1566.103106307179,0.11780841230201844,22266.812539999995,25222.906369000037,25718.968,573.3455000000013,13538.491,1.9499141150209338,1.988263287081294,SYCL OMP JIT buf,SYCL,20.752013149039495
P1,sycl,acpp-omp-jit-buf,cpu,kalman,4096,intf,1000.0,397.801,442.6115,451.011961,27.133656887038693,0.06016172348706001,567.2383699999999,608.9739180000014,624.876,33.247999999999934,599.8689999999999,1.3758655570404326,1.411793412507357,SYCL OMP JIT buf,SYCL,9.254165334610601
P1,sycl,acpp-omp-jit-buf,cpu,kalman,4096,iso,1000.0,394.008,443.2,464.890376,152.38395566241857,0.32778470695297546,760.0086599999989,2674.1028290000454,3181.424,36.279249999999934,579.888,6.033625516696853,7.178303249097473,SYCL OMP JIT buf,SYCL,9.24187725631769
P1,sycl,acpp-omp-jit-buf,cpu,kalman,32768,intf,500.0,3086.652,3500.359,3718.319278,627.457685358006,0.1687476621683497,5733.837369999999,8269.148893000038,8834.712,483.85275,5275.061,2.3623716575928464,2.523944543973918,SYCL OMP JIT buf,SYCL,9.361325509754856
P1,sycl,acpp-omp-jit-buf,cpu,kalman,32768,iso,500.0,3146.922,3344.616,3365.7137059999995,194.29872252132387,0.05772883242414555,4197.198409999999,4862.772447000025,5230.509,69.28600000000006,4439.532999999999,1.45391053771196,1.5638593488759247,SYCL OMP JIT buf,SYCL,9.79723830777584
P1,sycl,acpp-omp-jit-usm,cpu,conv,512,intf,1000.0,6905.549,7200.5635,7375.896437,573.0121511945246,0.07768711994383504,9468.062750000001,13472.0723050001,14567.281,159.2267499999998,7594.7725,1.8709747237143453,2.0230751384943693,SYCL OMP JIT USM,SYCL,1.8203019805324958
P1,sycl,acpp-omp-jit-usm,cpu,conv,512,iso,1000.0,6888.461,7158.739,7319.542665999999,471.4096681154569,0.0644042516898223,9229.901749999999,9842.55574900001,9950.197,137.79699999999957,7423.02,1.3749007679983878,1.389937110432438,SYCL OMP JIT USM,SYCL,1.8309369848516617
P1,sycl,acpp-omp-jit-usm,cpu,conv,1024,intf,500.0,27989.149,29045.610500000003,29960.593012,2935.7789902625714,0.09798801342439101,43570.130430000005,51284.79078900028,55512.962,843.0022499999977,30638.4045,1.765664067863207,1.9112341260652792,SYCL OMP JIT USM,SYCL,1.8050507149780857
P1,sycl,acpp-omp-jit-usm,cpu,conv,1024,iso,500.0,27760.03,28771.303,29190.304011999997,1753.7957409420908,0.06008144828574288,38412.23426,45157.3654090002,48191.739,424.9602500000001,30225.9915,1.5695279914503768,1.6749932736796802,SYCL OMP JIT USM,SYCL,1.822260187520878
P1,sycl,acpp-omp-jit-usm,cpu,gemm,256,intf,1000.0,1439.529,1521.6019999999999,1611.266716,349.02258706027555,0.21661378814224544,3631.99035,3822.546910000019,4031.248,60.30975000000012,1620.462,2.512185781827324,2.6493445723651785,SYCL OMP JIT USM,SYCL,22.0520425183458
P1,sycl,acpp-omp-jit-usm,cpu,gemm,256,iso,1000.0,1445.557,1517.6770000000001,1577.2780460000001,268.7463404186712,0.17038615423591028,3057.42013,3257.8476210000254,3541.185,43.36650000000009,1609.9925,2.1466014316616944,2.333292920693929,SYCL OMP JIT USM,SYCL,22.10907327448462
P1,sycl,acpp-omp-jit-usm,cpu,gemm,512,intf,300.0,12093.891,12963.864000000001,13621.97476,2319.3257936685172,0.1702635509558467,22537.728030000002,33219.214601000014,33425.196,612.5352500000008,13621.5345,2.5624470143315303,2.578335903554681,SYCL OMP JIT USM,SYCL,20.706438759308178
P1,sycl,acpp-omp-jit-usm,cpu,gemm,512,iso,300.0,11863.119,12527.071,13162.178913333331,1891.181625463147,0.14368302071531436,22194.688639999993,24116.377238000026,24455.933,1006.6642500000016,12987.603500000001,1.9251409398094756,1.9522466983702735,SYCL OMP JIT USM,SYCL,21.42842935910557
P1,sycl,acpp-omp-jit-usm,cpu,kalman,4096,intf,1000.0,392.436,441.536,445.90709999999996,24.729516648808236,0.05545889861096232,520.82308,603.784448,604.232,29.781749999999988,566.622,1.3674636903899116,1.3684773155529786,SYCL OMP JIT USM,SYCL,9.27670676909697
P1,sycl,acpp-omp-jit-usm,cpu,kalman,4096,iso,1000.0,391.746,447.70050000000003,454.148903,37.698305543942894,0.08300869009022552,571.23998,879.3884420000151,1046.663,29.969750000000033,570.013,1.9642337723545429,2.3378642641676746,SYCL OMP JIT USM,SYCL,9.148973476688097
P1,sycl,acpp-omp-jit-usm,cpu,kalman,32768,intf,500.0,3183.906,3470.215,3626.922468,444.8502602605158,0.12265226626303383,5116.80202,5849.170714000008,5965.794,339.9459999999999,5245.84,1.6855355400169754,1.7191424738813013,SYCL OMP JIT USM,SYCL,9.442642602835848
P1,sycl,acpp-omp-jit-usm,cpu,kalman,32768,iso,500.0,3160.55,3364.8509999999997,3464.859232,546.2619472549335,0.15765776058371583,4966.432869999998,10586.957674000138,12650.659,99.49900000000025,4726.130499999999,3.1463377350141624,3.759649089959704,SYCL OMP JIT USM,SYCL,9.738321251074714
P2,cpp,openmp,cpu,conv,512,all,1000.0,862.2,948.9,1103.7686,274.81702955561866,0.2489806555066149,1904.607,2008.0313000000028,2039.3,304.6249999999999,955.45,2.116167457055541,2.1491200337232583,C++ OpenMP,Native,13.813046685636
P2,cpp,openmp,cpu,conv,1024,all,500.0,3589.4,4205.799999999999,4697.560200000001,1991.282491702139,0.4238971736226262,7228.67099999998,27487.623400000168,29994.3,1123.5500000000002,4273.35,6.535646821056677,7.131651528841125,C++ OpenMP,Native,12.465832897427365
P2,cpp,openmp,cpu,gemm,256,all,1000.0,344.2,393.6,436.7665,97.66286685999603,0.22360429854394975,732.153,818.6657000000059,884.3,36.27499999999998,394.7,2.07994334349595,2.2466971544715446,C++ OpenMP,Native,85.25008130081301
P2,cpp,openmp,cpu,gemm,512,all,300.0,2660.5,3098.45,3324.58,532.60065382503,0.16020088366802124,4950.362,5305.037100000006,5384.9,736.0,3100.05,1.7121583695073364,1.7379334828704676,C++ OpenMP,Native,86.63540028078556
P2,cpp,openmp,cpu,kalman,4096,all,1000.0,160.2,217.9,215.174,44.90252911720142,0.20868008735814464,355.07899999999995,528.9426000000038,571.5,62.25,258.6,2.427455713630123,2.622762735199633,C++ OpenMP,Native,18.797613584212943
P2,cpp,openmp,cpu,kalman,32768,all,500.0,1059.2,1234.6,1335.2977999999998,244.6761842219443,0.18323716568839127,1930.7709999999997,2022.3178000000007,2031.2,432.8749999999998,2119.75,1.6380348290944442,1.6452292240401751,C++ OpenMP,Native,26.54138992386198
P2,cpp,serial,cpu,conv,512,intf,1000.0,4199.8,4626.65,5367.720199999999,2116.8491139387197,0.39436651596309363,11407.118999999995,27536.03730000164,45755.1,1338.125,4600.65,5.95161451590279,9.889466460614052,C++ serial,Native,2.832978504965796
P2,cpp,serial,cpu,conv,512,iso,1000.0,4052.5,4140.65,4304.0915,1430.340423754281,0.33232110045854757,5492.041999999999,9436.85920000349,48157.3,193.82499999999982,4143.0,2.279076763310951,11.630372043036724,C++ serial,Native,3.1654933404175676
P2,cpp,serial,cpu,conv,1024,intf,500.0,17107.1,23540.9,28025.894600000003,15904.388078740698,0.5674890420354574,86642.4919999999,188232.7720000046,256881.2,9573.925,23568.8,7.995988768483983,10.912123155869146,C++ serial,Native,2.227136600554779
P2,cpp,serial,cpu,conv,1024,iso,500.0,16395.3,16935.6,16983.0672,449.00549738006004,0.026438421993646707,18210.469999999998,20868.962100000117,22621.5,430.1499999999978,16955.9,1.2322540742577834,1.3357365549493376,C++ serial,Native,3.0957745813552515
P2,cpp,serial,cpu,gemm,256,intf,1000.0,1864.4,2180.7,2868.6201,2879.0914239449608,1.0036502999978842,17097.617000000002,39980.53510000121,53402.2,762.2750000000001,2186.9,18.333807997432572,24.48855871967717,C++ serial,Native,15.387000504425185
P2,cpp,serial,cpu,gemm,256,iso,1000.0,1771.1,1796.35,1835.9511,101.39215654180653,0.05522595702129895,2280.397,2469.4515000000138,2620.8,38.52500000000009,1795.05,1.3747050964455778,1.458958443510452,C++ serial,Native,18.679228435438528
P2,cpp,serial,cpu,gemm,512,intf,300.0,10252.9,13601.55,14663.841333333334,4828.305676575002,0.32926608838841326,37122.78499999999,47732.479200000256,51242.5,3827.1749999999993,13973.55,3.5093411559712133,3.767401509386798,C++ serial,Native,19.73565189261518
P2,cpp,serial,cpu,gemm,512,iso,300.0,9320.4,10023.6,10347.321333333335,2905.3330277529394,0.28078117361578075,20556.212999999996,46262.02040000051,53270.7,375.97500000000036,9894.900000000001,4.615309908615718,5.3145277145935585,C++ serial,Native,26.780343988187877
P2,cpp,serial,cpu,kalman,4096,intf,1000.0,554.0,592.95,717.2938,436.8726695857627,0.6090568043189035,2348.771999999998,3976.732900000453,9004.6,81.00000000000011,1051.95,6.706691795261746,15.186103381398095,C++ serial,Native,6.907833712791972
P2,cpp,serial,cpu,kalman,4096,iso,1000.0,525.1,541.6,556.6316,54.96534481444259,0.09874636081466195,808.8109999999999,1036.2637000000148,1199.8,9.700000000000045,563.7,1.9133377031019474,2.215288035450517,C++ serial,Native,7.562776957163958
P2,cpp,serial,cpu,kalman,32768,intf,500.0,4481.8,5920.85,6361.999,2449.9168755721953,0.38508602022291977,15379.351999999997,32066.849200000637,41622.3,1962.0249999999996,8879.1,5.41591987636921,7.029784574849895,C++ serial,Native,5.534340508541848
P2,cpp,serial,cpu,kalman,32768,iso,500.0,4244.2,4423.200000000001,4480.659799999999,223.4615730572629,0.04987247035743775,5281.491999999998,6012.962400000006,6094.0,254.95000000000073,5271.05,1.3594145415084113,1.3777355760535357,C++ serial,Native,7.408211249773918
P2,opencl,amd-ocl,gpu,conv,512,intf,1000.0,934.8,1380.65,1637.5545,1605.0579769993606,0.9801554555890266,4326.562999999998,12149.694500003096,46509.8,503.2750000000001,4667.4,8.799981530440803,33.686886611378696,OpenCL AMD iGPU,OpenCL,9.493499438670192
P2,opencl,amd-ocl,gpu,conv,512,iso,1000.0,335.9,362.75,412.1259,152.89982176145494,0.37100270029487337,1393.6799999999998,1509.487800000008,1597.2,35.974999999999966,936.7,4.161234458993819,4.40303239145417,OpenCL AMD iGPU,OpenCL,36.1328738800827
P2,opencl,amd-ocl,gpu,conv,1024,intf,500.0,2383.1,3856.1499999999996,4252.2598,3419.7609546777153,0.8042220173559752,12707.111,47428.80420000164,72181.3,450.9500000000003,12950.25,12.299522632678098,18.71848864800384,OpenCL AMD iGPU,OpenCL,13.596151601986438
P2,opencl,amd-ocl,gpu,conv,1024,iso,500.0,1197.5,1754.85,1877.428,822.8452966995687,0.43828327728124256,4214.701999999984,11944.30870000031,16614.3,112.22499999999991,3878.4,6.806455651480361,9.467646807419438,OpenCL AMD iGPU,OpenCL,29.876513662136365
P2,opencl,amd-ocl,gpu,gemm,256,intf,1000.0,1081.0,1673.7,1954.1501,876.467657631966,0.4485160365275758,5122.235,8628.2600000005,14182.7,430.75,3885.9,5.155201051562705,8.473860309493936,OpenCL AMD iGPU,OpenCL,20.04805640198363
P2,opencl,amd-ocl,gpu,gemm,256,iso,1000.0,612.2,655.8,704.639,194.4787961736733,0.27599777499354033,1705.537,2245.7266000000022,2272.3,44.35000000000002,1181.9499999999998,3.4244077462641087,3.464928331808479,OpenCL AMD iGPU,OpenCL,51.16564806343398
P2,opencl,amd-ocl,gpu,gemm,512,intf,300.0,6586.3,6972.65,8183.886333333333,7392.088282357051,0.9032491387678182,40078.84699999999,94982.97720000127,112455.7,639.5,11852.25,13.62222070518401,16.128114848730398,OpenCL AMD iGPU,OpenCL,38.498340802994555
P2,opencl,amd-ocl,gpu,gemm,512,iso,300.0,4539.3,4944.45,4969.522,670.4334647211908,0.13490904451598984,6944.996999999974,11517.577600000039,12043.1,412.59999999999945,6350.3,2.3293950995560757,2.435680409347855,OpenCL AMD iGPU,OpenCL,54.29025594353265
P2,opencl,amd-ocl,gpu,kalman,4096,intf,1000.0,395.3,729.65,862.0867,453.12661365352517,0.5256160588645262,2942.701999999999,3959.7618000002844,7118.4,317.525,2859.75,5.426933187144911,9.75591036798465,OpenCL AMD iGPU,OpenCL,5.613650380319331
P2,opencl,amd-ocl,gpu,kalman,4096,iso,1000.0,129.9,156.4,173.9155,65.25813983377525,0.37522900393452707,388.38099999999963,697.4749000000518,1271.8,43.5,628.2,4.459558184143553,8.131713554987211,OpenCL AMD iGPU,OpenCL,26.18925831202046
P2,opencl,amd-ocl,gpu,kalman,32768,intf,500.0,2090.1,2391.45,2676.9597999999996,756.184556739731,0.282478861557701,5695.764999999996,9180.590300000107,10797.5,414.87500000000045,12050.3,3.838922118380107,4.515043174642999,OpenCL AMD iGPU,OpenCL,13.702147232850363
P2,opencl,amd-ocl,gpu,kalman,32768,iso,500.0,1428.4,1675.15,1720.6162000000002,224.7391843883908,0.13061552273446617,2963.023999999999,3764.7972000000163,4012.9,147.29999999999995,5102.15,2.2474388562218404,2.3955466674626154,OpenCL AMD iGPU,OpenCL,19.56123332238904
