platform,model,impl,device,kernel,size,scenario,n,median_first50,median_all,rel_dev
P1,cpp,serial,cpu,conv,512,intf,1000,5146988.0,5169619.0,0.004377692050419935
P1,cpp,serial,cpu,conv,512,iso,1000,5122828.0,5150977.0,0.005464788524584763
P1,cpp,serial,cpu,conv,1024,intf,500,21536570.0,21526594.5,0.00046340353556617586
P1,cpp,serial,cpu,conv,1024,iso,500,21462688.5,21467986.5,0.00024678606910810696
P1,cpp,serial,cpu,gemm,256,intf,1000,2171176.5,2170824.0,0.00016238073653140894
P1,cpp,serial,cpu,gemm,256,iso,1000,2209152.0,2182472.0,0.012224670007221272
P1,cpp,serial,cpu,gemm,512,intf,300,18165813.0,17983833.0,0.010119088628102846
P1,cpp,serial,cpu,gemm,512,iso,300,17982838.0,17981613.0,6.812514539156211e-05
P1,cpp,serial,cpu,kalman,4096,intf,1000,431722.0,433287.0,0.003611924659636667
P1,cpp,serial,cpu,kalman,4096,iso,1000,444511.5,448355.0,0.008572448171649705
P1,cpp,serial,cpu,kalman,32768,intf,500,3525909.0,3518945.5,0.001978859860148452
P1,cpp,serial,cpu,kalman,32768,iso,500,3522527.0,3535360.0,0.003629899076755927
P1,opencl,intel-ocl,cpu,conv,512,intf,1000,3921565.5,3923417.5,0.0004720374520427173
P1,opencl,intel-ocl,cpu,conv,512,iso,1000,3927687.0,3939361.0,0.0029634247787903023
P1,opencl,intel-ocl,cpu,conv,1024,intf,500,16758887.5,16948983.0,0.011215746691114137
P1,opencl,intel-ocl,cpu,conv,1024,iso,500,17435213.5,17505957.5,0.004041138566685087
P1,opencl,intel-ocl,cpu,gemm,256,intf,1000,1820083.5,1820252.0,9.25696002531673e-05
P1,opencl,intel-ocl,cpu,gemm,256,iso,1000,1876914.0,1861312.0,0.008382259395523173
P1,opencl,intel-ocl,cpu,gemm,512,intf,300,15097911.0,14944444.0,0.010269167591648198
P1,opencl,intel-ocl,cpu,gemm,512,iso,300,15055319.0,14711762.5,0.023352504501075178
P1,opencl,intel-ocl,cpu,kalman,4096,intf,1000,590696.5,589239.0,0.0024735294167561594
P1,opencl,intel-ocl,cpu,kalman,4096,iso,1000,589786.5,596964.5,0.012024165591086211
P1,opencl,intel-ocl,cpu,kalman,32768,intf,500,4854164.5,4890694.0,0.007469185354880059
P1,opencl,intel-ocl,cpu,kalman,32768,iso,500,4786113.0,4806896.0,0.004323580123222981
P1,opencl,pocl,cpu,conv,512,intf,1000,7304858.0,7315292.0,0.0014263272060773824
P1,opencl,pocl,cpu,conv,512,iso,1000,7311451.0,7343148.5,0.0043166088769688304
P1,opencl,pocl,cpu,conv,1024,intf,500,29850472.5,29870462.5,0.0006692229824027951
P1,opencl,pocl,cpu,conv,1024,iso,500,29823764.0,29654817.0,0.005697118279300195
P1,opencl,pocl,cpu,gemm,256,intf,1000,24518186.0,24437759.5,0.0032910750267429734
P1,opencl,pocl,cpu,gemm,256,iso,1000,24565215.5,24521092.5,0.001799389647912264
P1,opencl,pocl,cpu,gemm,512,intf,300,199993990.5,199313044.0,0.0034164673135994583
P1,opencl,pocl,cpu,gemm,512,iso,300,197829251.5,198109627.0,0.0014152542925135458
P1,opencl,pocl,cpu,kalman,4096,intf,1000,971642.0,986276.5,0.014838131092041684
P1,opencl,pocl,cpu,kalman,4096,iso,1000,991019.5,987019.5,0.004052604837087914
P1,opencl,pocl,cpu,kalman,32768,intf,500,8101958.0,8093203.5,0.0010817101040396793
P1,opencl,pocl,cpu,kalman,32768,iso,500,8159383.0,7999549.5,0.01998031264135558
P1,sycl,acpp-ocl-jit-buf,cpu,conv,512,intf,1000,3922378.5,3915925.5,0.0016478863042721503
P1,sycl,acpp-ocl-jit-buf,cpu,conv,512,iso,1000,3898707.0,3903251.5,0.0011642857243505667
P1,sycl,acpp-ocl-jit-buf,cpu,conv,1024,intf,500,24287829.0,23773026.0,0.02165492100164279
P1,sycl,acpp-ocl-jit-buf,cpu,conv,1024,iso,500,23951844.0,23382519.0,0.02434831764704226
P1,sycl,acpp-ocl-jit-buf,cpu,gemm,256,intf,1000,1842680.0,1871848.5,0.015582724777138734
P1,sycl,acpp-ocl-jit-buf,cpu,gemm,256,iso,1000,1896031.0,1880940.5,0.008022848144319195
P1,sycl,acpp-ocl-jit-buf,cpu,gemm,512,intf,300,22141092.0,20752161.5,0.06692943768773185
P1,sycl,acpp-ocl-jit-buf,cpu,gemm,512,iso,300,19765153.0,19861433.0,0.004847585770875629
P1,sycl,acpp-ocl-jit-buf,cpu,kalman,4096,intf,1000,440301.5,441023.0,0.0016359690991172293
P1,sycl,acpp-ocl-jit-buf,cpu,kalman,4096,iso,1000,433882.0,434070.5,0.0004342612547961755
P1,sycl,acpp-ocl-jit-buf,cpu,kalman,32768,intf,500,3235129.5,3236281.5,0.00035596409026839027
P1,sycl,acpp-ocl-jit-buf,cpu,kalman,32768,iso,500,3217698.5,3221161.0,0.0010749229858426634
P1,sycl,acpp-ocl-jit-usm,cpu,conv,512,intf,1000,4051289.5,3942723.5,0.027535788396016114
P1,sycl,acpp-ocl-jit-usm,cpu,conv,512,iso,1000,3874767.0,3887974.0,0.003396884855711435
P1,sycl,acpp-ocl-jit-usm,cpu,conv,1024,intf,500,25209090.5,24700261.5,0.0206001462778036
P1,sycl,acpp-ocl-jit-usm,cpu,conv,1024,iso,500,21842742.0,22676575.0,0.0367706763477289
P1,sycl,acpp-ocl-jit-usm,cpu,gemm,256,intf,1000,1859896.5,1868924.0,0.004830319477945544
P1,sycl,acpp-ocl-jit-usm,cpu,gemm,256,iso,1000,1843197.5,1873533.0,0.016191601642458364
P1,sycl,acpp-ocl-jit-usm,cpu,gemm,512,intf,300,18539879.5,20513891.5,0.09622806087279934
P1,sycl,acpp-ocl-jit-usm,cpu,gemm,512,iso,300,21503256.0,20843668.0,0.031644526289710706
P1,sycl,acpp-ocl-jit-usm,cpu,kalman,4096,intf,1000,418285.0,431111.5,0.02975216388335733
P1,sycl,acpp-ocl-jit-usm,cpu,kalman,4096,iso,1000,558760.0,435515.5,0.2829853357687613
P1,sycl,acpp-ocl-jit-usm,cpu,kalman,32768,intf,500,3352398.5,3259975.5,0.028350826562960396
P1,sycl,acpp-ocl-jit-usm,cpu,kalman,32768,iso,500,3195397.5,3246469.0,0.015731399252541745
P1,sycl,acpp-omp-aot-usm,cpu,conv,512,intf,1000,5170708.5,5161672.0,0.0017506924112962174
P1,sycl,acpp-omp-aot-usm,cpu,conv,512,iso,1000,5140460.5,5173551.5,0.006396186449482477
P1,sycl,acpp-omp-aot-usm,cpu,conv,1024,intf,500,20871990.5,21144645.5,0.012894753898806233
P1,sycl,acpp-omp-aot-usm,cpu,conv,1024,iso,500,21079033.5,20784901.5,0.014151233769378324
P1,sycl,acpp-omp-aot-usm,cpu,gemm,256,intf,1000,4182007.0,4211931.5,0.00710469769035893
P1,sycl,acpp-omp-aot-usm,cpu,gemm,256,iso,1000,4196192.0,4238588.5,0.010002504371443455
P1,sycl,acpp-omp-aot-usm,cpu,gemm,512,intf,300,34884545.5,34996652.5,0.0032033635216968115
P1,sycl,acpp-omp-aot-usm,cpu,gemm,512,iso,300,34484188.5,34171407.0,0.009153310544104842
P1,sycl,acpp-omp-aot-usm,cpu,kalman,4096,intf,1000,505459.0,514663.5,0.01788450123235863
P1,sycl,acpp-omp-aot-usm,cpu,kalman,4096,iso,1000,499601.0,515635.0,0.03109563935729731
P1,sycl,acpp-omp-aot-usm,cpu,kalman,32768,intf,500,3934904.5,3893370.0,0.010668007407464541
P1,sycl,acpp-omp-aot-usm,cpu,kalman,32768,iso,500,3864358.5,3848752.5,0.0040548203606234345
P1,sycl,acpp-omp-jit-buf,cpu,conv,512,intf,1000,7214868.0,7204042.0,0.0015027674741485697
P1,sycl,acpp-omp-jit-buf,cpu,conv,512,iso,1000,7187329.5,7161830.5,0.0035604026093607466
P1,sycl,acpp-omp-jit-buf,cpu,conv,1024,intf,500,29250510.5,29027122.0,0.007695854242800948
P1,sycl,acpp-omp-jit-buf,cpu,conv,1024,iso,500,29221447.5,28928361.0,0.010131458882167488
P1,sycl,acpp-omp-jit-buf,cpu,gemm,256,intf,1000,1524955.5,1511438.5,0.008943135959551096
P1,sycl,acpp-omp-jit-buf,cpu,gemm,256,iso,1000,1516046.0,1512558.0,0.0023060272730037745
P1,sycl,acpp-omp-jit-buf,cpu,gemm,512,intf,300,12986745.5,12845444.5,0.011000086450881463
P1,sycl,acpp-omp-jit-buf,cpu,gemm,512,iso,300,13037228.0,12935393.5,0.00787254751855837
P1,sycl,acpp-omp-jit-buf,cpu,kalman,4096,intf,1000,436362.5,442611.5,0.014118476361323684
P1,sycl,acpp-omp-jit-buf,cpu,kalman,4096,iso,1000,462019.0,443200.0,0.04246164259927787
P1,sycl,acpp-omp-jit-buf,cpu,kalman,32768,intf,500,3472912.0,3500359.0,0.007841195717353533
P1,sycl,acpp-omp-jit-buf,cpu,kalman,32768,iso,500,3377413.5,3344616.0,0.009806058453347033
P1,sycl,acpp-omp-jit-usm,cpu,conv,512,intf,1000,7143884.5,7200563.5,0.007871467281692635
P1,sycl,acpp-omp-jit-usm,cpu,conv,512,iso,1000,7152560.5,7158739.0,0.0008630709961628957
P1,sycl,acpp-omp-jit-usm,cpu,conv,1024,intf,500,29023973.5,29045610.5,0.0007449318374630476
P1,sycl,acpp-omp-jit-usm,cpu,conv,1024,iso,500,28810248.5,28771303.0,0.001353623087560596
P1,sycl,acpp-omp-jit-usm,cpu,gemm,256,intf,1000,1517074.5,1521602.0,0.002975482419187103
P1,sycl,acpp-omp-jit-usm,cpu,gemm,256,iso,1000,1515596.0,1517677.0,0.0013711744989216568
P1,sycl,acpp-omp-jit-usm,cpu,gemm,512,intf,300,12898619.5,12963864.0,0.005032797320305149
P1,sycl,acpp-omp-jit-usm,cpu,gemm,512,iso,300,12366157.5,12527071.0,0.01284526127456287
P1,sycl,acpp-omp-jit-usm,cpu,kalman,4096,intf,1000,456935.5,441536.0,0.03487711081316136
P1,sycl,acpp-omp-jit-usm,cpu,kalman,4096,iso,1000,433643.5,447700.5,0.0313982226957531
P1,sycl,acpp-omp-jit-usm,cpu,kalman,32768,intf,500,3575714.0,3470215.0,0.030401286375628
P1,sycl,acpp-omp-jit-usm,cpu,kalman,32768,iso,500,3420127.5,3364851.0,0.016427621906586642
P2,cpp,openmp,cpu,conv,512,all,1000,1544350.0,948900.0,0.6275160712403836
P2,cpp,openmp,cpu,conv,1024,all,500,4281000.0,4205800.0,0.017880070379000523
P2,cpp,openmp,cpu,gemm,256,all,1000,374600.0,393600.0,0.048272357723577186
P2,cpp,openmp,cpu,gemm,512,all,300,3757500.0,3098450.0,0.2127031257564267
P2,cpp,openmp,cpu,kalman,4096,all,1000,226350.0,217900.0,0.03877925653969716
P2,cpp,openmp,cpu,kalman,32768,all,500,1150150.0,1234600.0,0.0684027215292402
P2,cpp,serial,cpu,conv,512,intf,1000,4745250.0,4626650.0,0.025634098105540737
P2,cpp,serial,cpu,conv,512,iso,1000,4274850.0,4140650.0,0.032410370352480955
P2,cpp,serial,cpu,conv,1024,intf,500,26345250.0,23540900.0,0.1191267113831671
P2,cpp,serial,cpu,conv,1024,iso,500,17025700.0,16935600.0,0.0053201539951344134
P2,cpp,serial,cpu,gemm,256,intf,1000,2149500.0,2180700.0,0.014307332507910275
P2,cpp,serial,cpu,gemm,256,iso,1000,1814300.0,1796350.0,0.009992484760764864
P2,cpp,serial,cpu,gemm,512,intf,300,13741600.0,13601550.0,0.01029662060573977
P2,cpp,serial,cpu,gemm,512,iso,300,10022800.0,10023600.0,7.981164451897893e-05
P2,cpp,serial,cpu,kalman,4096,intf,1000,586850.0,592950.0,0.010287545324226377
P2,cpp,serial,cpu,kalman,4096,iso,1000,547650.0,541600.0,0.011170605612998541
P2,cpp,serial,cpu,kalman,32768,intf,500,5468350.0,5920850.0,0.07642483764999963
P2,cpp,serial,cpu,kalman,32768,iso,500,4406750.0,4423200.0,0.0037190269488153183
P2,opencl,amd-ocl,gpu,conv,512,intf,1000,1235050.0,1380650.0,0.10545757433093106
P2,opencl,amd-ocl,gpu,conv,512,iso,1000,363750.0,362750.0,0.002756719503790528
P2,opencl,amd-ocl,gpu,conv,1024,intf,500,3820350.0,3856150.0,0.009283871218702555
P2,opencl,amd-ocl,gpu,conv,1024,iso,500,1746500.0,1754850.0,0.004758241445137812
P2,opencl,amd-ocl,gpu,gemm,256,intf,1000,1812050.0,1673700.0,0.0826611698631774
P2,opencl,amd-ocl,gpu,gemm,256,iso,1000,654300.0,655800.0,0.0022872827081427127
P2,opencl,amd-ocl,gpu,gemm,512,intf,300,7249600.0,6972650.0,0.039719475378801494
P2,opencl,amd-ocl,gpu,gemm,512,iso,300,5069650.0,4944450.0,0.025321319863685465
P2,opencl,amd-ocl,gpu,kalman,4096,intf,1000,711050.0,729650.0,0.025491674090317273
P2,opencl,amd-ocl,gpu,kalman,4096,iso,1000,169250.0,156400.0,0.082161125319693
P2,opencl,amd-ocl,gpu,kalman,32768,intf,500,2384500.0,2391450.0,0.0029061866231784306
P2,opencl,amd-ocl,gpu,kalman,32768,iso,500,1654450.0,1675150.0,0.012357102349043414
